"SubNum","TrialNum","SatNum","BlockNum","Accuracy","WhichPart","IsUnique"
1,1,3,1,1,2,1
1,2,1,1,0,5,0
1,3,2,1,0,4,1
1,4,4,1,0,3,1
1,5,8,1,0,2,1
1,6,12,1,0,4,1
1,7,4,1,0,3,1
1,8,13,1,0,2,1
1,9,3,1,1,2,1
1,10,9,1,0,3,1
1,11,13,1,0,2,1
1,12,12,1,1,5,0
1,13,6,1,0,5,0
1,14,5,1,0,5,1
1,15,14,1,0,3,1
1,16,10,1,1,4,0
1,17,7,1,0,4,1
1,18,15,1,0,5,1
1,19,5,1,0,5,1
1,20,9,1,0,3,1
1,21,1,1,0,5,0
1,22,5,1,1,5,1
1,23,10,1,1,5,1
1,24,8,1,1,2,1
1,25,2,1,0,4,1
1,26,9,1,1,3,1
1,27,15,1,0,5,1
1,28,11,1,0,1,0
1,29,4,1,1,3,1
1,30,11,1,0,2,0
1,31,7,1,0,4,1
1,32,14,1,0,3,1
1,33,13,1,1,1,0
1,34,8,1,1,2,1
1,35,6,1,0,5,0
1,36,11,1,1,1,0
1,37,14,1,0,4,0
1,38,15,1,0,4,0
1,39,7,1,1,4,1
1,40,1,1,0,2,0
1,41,3,1,1,2,1
1,42,10,1,0,5,1
1,43,12,1,0,4,1
1,44,2,1,0,4,1
1,45,6,1,1,2,0
1,1,2,2,1,4,1
1,2,5,2,0,5,1
1,3,13,2,0,2,1
1,4,8,2,1,2,1
1,5,6,2,0,4,0
1,6,15,2,1,5,1
1,7,6,2,1,1,0
1,8,11,2,0,2,0
1,9,5,2,1,5,1
1,10,4,2,0,3,1
1,11,6,2,0,2,0
1,12,2,2,0,4,1
1,13,7,2,0,4,1
1,14,13,2,1,1,0
1,15,4,2,1,3,1
1,16,3,2,0,2,1
1,17,1,2,1,1,0
1,18,7,2,0,4,1
1,19,10,2,1,5,1
1,20,9,2,0,3,1
1,21,15,2,1,1,0
1,22,12,2,0,4,1
1,23,1,2,0,3,0
1,24,15,2,0,5,1
1,25,14,2,0,3,1
1,26,13,2,0,2,1
1,27,3,2,0,2,1
1,28,11,2,1,1,0
1,29,8,2,1,2,1
1,30,5,2,0,5,1
1,31,9,2,0,3,1
1,32,10,2,1,3,0
1,33,14,2,1,1,0
1,34,11,2,0,2,0
1,35,10,2,1,5,1
1,36,2,2,0,4,1
1,37,9,2,1,3,1
1,38,12,2,0,4,1
1,39,3,2,1,2,1
1,40,14,2,1,3,1
1,41,7,2,1,4,1
1,42,4,2,0,3,1
1,43,1,2,0,2,0
1,44,12,2,1,2,0
1,45,8,2,1,2,1
1,1,4,3,1,3,1
1,2,8,3,1,2,1
1,3,14,3,1,2,0
1,4,2,3,1,4,1
1,5,6,3,1,1,0
1,6,4,3,1,3,1
1,7,11,3,0,4,0
1,8,8,3,1,2,1
1,9,3,3,1,2,1
1,10,9,3,1,3,1
1,11,2,3,1,4,1
1,12,11,3,1,4,0
1,13,13,3,0,2,1
1,14,12,3,1,4,1
1,15,7,3,1,4,1
1,16,6,3,1,1,0
1,17,7,3,1,4,1
1,18,5,3,1,5,1
1,19,8,3,1,2,1
1,20,3,3,1,2,1
1,21,11,3,0,5,0
1,22,1,3,0,1,0
1,23,10,3,1,5,1
1,24,13,3,0,4,0
1,25,6,3,1,1,0
1,26,15,3,1,5,1
1,27,5,3,1,5,1
1,28,1,3,1,1,0
1,29,9,3,1,3,1
1,30,10,3,1,2,0
1,31,13,3,0,2,1
1,32,10,3,1,5,1
1,33,15,3,1,1,0
1,34,3,3,0,2,1
1,35,4,3,1,3,1
1,36,2,3,1,4,1
1,37,1,3,0,5,0
1,38,14,3,1,3,1
1,39,12,3,0,4,1
1,40,9,3,1,3,1
1,41,14,3,1,3,1
1,42,12,3,1,1,0
1,43,7,3,1,4,1
1,44,15,3,1,5,1
1,45,5,3,1,5,1
2,1,9,1,0,2,1
2,2,6,1,0,5,0
2,3,14,1,0,2,1
2,4,6,1,1,5,0
2,5,13,1,0,2,0
2,6,11,1,0,1,0
2,7,1,1,0,2,0
2,8,12,1,0,5,0
2,9,3,1,0,5,1
2,10,13,1,0,5,1
2,11,11,1,0,5,0
2,12,12,1,0,3,1
2,13,4,1,0,2,1
2,14,10,1,0,4,1
2,15,2,1,0,3,1
2,16,8,1,0,5,1
2,17,3,1,0,5,1
2,18,4,1,0,2,1
2,19,10,1,0,4,1
2,20,11,1,1,1,0
2,21,5,1,0,4,1
2,22,7,1,0,3,1
2,23,14,1,1,2,1
2,24,5,1,0,4,1
2,25,13,1,0,5,1
2,26,15,1,1,4,1
2,27,14,1,0,5,0
2,28,15,1,0,4,1
2,29,6,1,0,5,0
2,30,8,1,1,5,1
2,31,2,1,0,3,1
2,32,7,1,1,3,1
2,33,9,1,0,2,1
2,34,10,1,0,3,0
2,35,3,1,0,5,1
2,36,2,1,0,3,1
2,37,12,1,0,3,1
2,38,15,1,0,3,0
2,39,4,1,0,2,1
2,40,1,1,0,4,0
2,41,7,1,1,3,1
2,42,9,1,1,2,1
2,43,8,1,0,5,1
2,44,1,1,0,3,0
2,45,5,1,0,4,1
2,1,5,2,1,4,1
2,2,13,2,0,5,1
2,3,8,2,1,5,1
2,4,3,2,0,5,1
2,5,11,2,0,5,0
2,6,1,2,0,3,0
2,7,10,2,0,4,1
2,8,14,2,1,2,1
2,9,4,2,0,2,1
2,10,9,2,1,2,1
2,11,11,2,0,5,0
2,12,10,2,0,3,0
2,13,15,2,0,4,1
2,14,10,2,1,4,1
2,15,6,2,0,2,0
2,16,4,2,1,2,1
2,17,8,2,0,5,1
2,18,9,2,0,2,1
2,19,15,2,1,3,0
2,20,13,2,0,5,1
2,21,11,2,1,1,0
2,22,5,2,0,4,1
2,23,3,2,0,5,1
2,24,4,2,1,2,1
2,25,8,2,0,5,1
2,26,13,2,0,4,0
2,27,9,2,0,2,1
2,28,7,2,0,3,1
2,29,1,2,0,4,0
2,30,7,2,0,3,1
2,31,15,2,1,4,1
2,32,12,2,0,3,1
2,33,2,2,0,3,1
2,34,3,2,0,5,1
2,35,6,2,1,2,0
2,36,12,2,0,4,0
2,37,14,2,0,2,1
2,38,2,2,0,3,1
2,39,6,2,1,3,0
2,40,1,2,0,4,0
2,41,2,2,0,3,1
2,42,5,2,0,4,1
2,43,7,2,0,3,1
2,44,14,2,0,4,0
2,45,12,2,0,3,1
2,1,11,3,0,3,0
2,2,2,3,0,3,1
2,3,9,3,1,2,1
2,4,10,3,0,4,1
2,5,1,3,0,5,0
2,6,10,3,0,4,1
2,7,12,3,0,3,1
2,8,14,3,1,2,1
2,9,8,3,0,5,1
2,10,6,3,1,2,0
2,11,14,3,1,2,1
2,12,3,3,0,5,1
2,13,11,3,0,2,0
2,14,10,3,0,5,0
2,15,4,3,0,2,1
2,16,6,3,0,3,0
2,17,13,3,0,5,1
2,18,4,3,1,2,1
2,19,1,3,0,1,0
2,20,14,3,0,5,0
2,21,5,3,0,4,1
2,22,12,3,0,2,0
2,23,11,3,0,2,0
2,24,12,3,0,3,1
2,25,3,3,0,5,1
2,26,15,3,1,4,1
2,27,7,3,0,3,1
2,28,2,3,0,3,1
2,29,9,3,0,2,1
2,30,7,3,0,3,1
2,31,3,3,0,5,1
2,32,5,3,0,4,1
2,33,13,3,1,2,0
2,34,6,3,0,5,0
2,35,7,3,1,3,1
2,36,4,3,0,2,1
2,37,15,3,1,4,1
2,38,1,3,1,5,0
2,39,9,3,1,2,1
2,40,8,3,1,5,1
2,41,15,3,0,3,0
2,42,2,3,0,3,1
2,43,8,3,0,5,1
2,44,13,3,0,5,1
2,45,5,3,1,4,1
2,1,12,4,0,5,0
2,2,2,4,0,3,1
2,3,14,4,0,3,0
2,4,6,4,0,5,0
2,5,13,4,0,5,1
2,6,15,4,1,4,1
2,7,14,4,1,2,1
2,8,12,4,0,3,1
2,9,9,4,1,2,1
2,10,1,4,0,4,0
2,11,2,4,0,3,1
2,12,3,4,0,5,1
2,13,9,4,1,2,1
2,14,12,4,0,3,1
2,15,10,4,0,4,1
2,16,5,4,1,4,1
2,17,7,4,0,3,1
2,18,5,4,1,4,1
2,19,10,4,1,1,0
2,20,11,4,0,5,0
2,21,7,4,1,3,1
2,22,10,4,0,4,1
2,23,6,4,1,2,0
2,24,15,4,1,1,0
2,25,1,4,0,4,0
2,26,3,4,0,5,1
2,27,4,4,1,2,1
2,28,5,4,1,4,1
2,29,9,4,1,2,1
2,30,11,4,0,3,0
2,31,1,4,0,2,0
2,32,8,4,0,5,1
2,33,13,4,0,5,1
2,34,15,4,1,4,1
2,35,4,4,1,2,1
2,36,8,4,1,5,1
2,37,11,4,0,4,0
2,38,3,4,0,5,1
2,39,14,4,1,2,1
2,40,13,4,1,2,0
2,41,4,4,0,2,1
2,42,8,4,1,5,1
2,43,7,4,0,3,1
2,44,6,4,0,5,0
2,45,2,4,0,3,1
2,1,8,5,1,5,1
2,2,1,5,0,3,0
2,3,11,5,1,5,0
2,4,1,5,0,1,0
2,5,4,5,1,2,1
2,6,7,5,0,3,1
2,7,6,5,0,5,0
2,8,12,5,0,3,1
2,9,8,5,1,5,1
2,10,2,5,1,3,1
2,11,7,5,0,3,1
2,12,5,5,1,4,1
2,13,11,5,1,2,0
2,14,2,5,0,3,1
2,15,8,5,1,5,1
2,16,10,5,1,2,0
2,17,4,5,0,2,1
2,18,2,5,1,3,1
2,19,12,5,1,3,1
2,20,9,5,1,2,1
2,21,15,5,1,4,1
2,22,1,5,0,5,0
2,23,13,5,0,2,0
2,24,6,5,0,3,0
2,25,3,5,0,5,1
2,26,4,5,1,2,1
2,27,14,5,1,2,1
2,28,13,5,1,5,1
2,29,14,5,0,2,1
2,30,11,5,1,3,0
2,31,15,5,0,4,1
2,32,5,5,0,4,1
2,33,12,5,1,4,0
2,34,7,5,0,3,1
2,35,10,5,0,4,1
2,36,9,5,1,2,1
2,37,3,5,0,5,1
2,38,15,5,0,2,0
2,39,10,5,1,4,1
2,40,13,5,0,5,1
2,41,5,5,1,4,1
2,42,14,5,1,1,0
2,43,6,5,0,3,0
2,44,9,5,1,2,1
2,45,3,5,1,5,1
3,2,10,1,1,4,1
3,3,12,1,0,2,1
3,4,1,1,0,3,0
3,5,6,1,0,4,0
3,6,4,1,0,1,1
3,7,9,1,0,1,1
3,8,5,1,0,4,1
3,9,10,1,0,4,1
3,10,6,1,1,3,0
3,11,14,1,0,1,1
3,12,12,1,0,2,1
3,13,6,1,0,3,0
3,14,5,1,0,4,1
3,15,14,1,1,5,0
3,16,9,1,1,1,1
3,17,7,1,0,2,1
3,18,9,1,1,1,1
3,19,8,1,0,3,1
3,20,4,1,0,1,1
3,21,7,1,0,2,1
3,22,8,1,1,3,1
3,23,2,1,0,2,1
3,24,13,1,0,3,1
3,25,1,1,0,5,0
3,26,7,1,0,2,1
3,27,14,1,1,1,1
3,28,3,1,0,3,1
3,29,11,1,1,1,0
3,30,12,1,0,4,0
3,31,2,1,0,2,1
3,32,13,1,0,2,0
3,33,15,1,0,4,1
3,34,3,1,1,3,1
3,35,8,1,0,3,1
3,36,3,1,1,3,1
3,37,5,1,0,4,1
3,38,11,1,0,1,0
3,39,15,1,0,4,1
3,40,1,1,1,2,0
3,41,15,1,0,3,0
3,42,10,1,0,1,0
3,43,2,1,1,2,1
3,44,13,1,0,3,1
3,45,4,1,0,1,1
3,1,11,2,0,4,0
3,2,4,2,0,1,1
3,3,13,2,1,3,1
3,4,2,2,0,2,1
3,5,11,2,1,2,0
3,6,7,2,0,2,1
3,7,12,2,0,2,1
3,8,3,2,0,3,1
3,9,1,2,0,3,0
3,10,4,2,0,1,1
3,11,15,2,1,4,1
3,12,10,2,0,4,1
3,13,14,2,0,1,1
3,14,9,2,0,1,1
3,15,4,2,0,1,1
3,16,10,2,0,5,0
3,17,9,2,0,1,1
3,18,15,2,0,5,0
3,19,14,2,1,4,0
3,20,6,2,0,1,0
3,21,11,2,0,2,0
3,22,7,2,0,2,1
3,23,5,2,0,4,1
3,24,15,2,1,4,1
3,25,14,2,1,1,1
3,26,5,2,1,4,1
3,27,8,2,1,3,1
3,28,5,2,1,4,1
3,29,3,2,1,3,1
3,30,1,2,0,3,0
3,31,13,2,0,3,1
3,32,12,2,0,2,1
3,33,10,2,0,4,1
3,34,6,2,0,5,0
3,35,13,2,1,5,0
3,36,1,2,0,1,0
3,37,8,2,0,3,1
3,38,2,2,0,2,1
3,39,7,2,0,2,1
3,40,12,2,0,1,0
3,41,2,2,0,2,1
3,42,8,2,1,3,1
3,43,6,2,0,1,0
3,44,3,2,0,3,1
3,45,9,2,0,1,1
3,1,10,3,0,4,1
3,2,7,3,0,2,1
3,3,9,3,1,1,1
3,4,10,3,0,4,1
3,5,8,3,1,3,1
3,6,15,3,0,4,1
3,7,11,3,0,4,0
3,8,15,3,1,4,1
3,9,12,3,0,2,1
3,10,14,3,0,1,1
3,11,3,3,1,3,1
3,12,8,3,1,3,1
3,13,6,3,0,3,0
3,14,9,3,1,1,1
3,15,14,3,0,5,0
3,16,11,3,0,4,0
3,17,12,3,1,2,1
3,18,14,3,0,1,1
3,19,1,3,0,5,0
3,20,2,3,1,2,1
3,21,4,3,0,1,1
3,22,13,3,0,3,1
3,23,11,3,1,4,0
3,24,4,3,0,1,1
3,25,9,3,0,1,1
3,26,1,3,0,3,0
3,27,3,3,1,3,1
3,28,1,3,0,4,0
3,29,7,3,0,2,1
3,30,2,3,1,2,1
3,31,13,3,1,3,1
3,32,10,3,0,1,0
3,33,6,3,1,5,0
3,34,5,3,0,4,1
3,35,4,3,0,1,1
3,36,5,3,1,4,1
3,37,15,3,0,3,0
3,38,13,3,0,4,0
3,39,2,3,1,2,1
3,40,3,3,1,3,1
3,41,5,3,1,4,1
3,42,12,3,0,3,0
3,43,8,3,0,3,1
3,44,7,3,1,2,1
3,45,6,3,0,2,0
3,1,3,4,1,3,1
3,2,11,4,0,5,0
3,3,12,4,1,3,0
3,4,14,4,1,1,1
3,5,11,4,1,3,0
3,6,10,4,0,4,1
3,7,1,4,0,4,0
3,8,2,4,0,2,1
3,9,8,4,1,3,1
3,10,3,4,1,3,1
3,11,2,4,1,2,1
3,12,3,4,1,3,1
3,13,7,4,0,2,1
3,14,5,4,1,4,1
3,15,6,4,0,1,0
3,16,13,4,1,3,1
3,17,1,4,1,5,0
3,18,6,4,0,5,0
3,19,9,4,0,1,1
3,20,12,4,1,2,1
3,21,1,4,0,5,0
3,22,11,4,1,4,0
3,23,10,4,1,4,1
3,24,9,4,0,1,1
3,25,13,4,0,2,0
3,26,4,4,0,1,1
3,27,5,4,1,4,1
3,28,8,4,0,3,1
3,29,15,4,1,4,1
3,30,8,4,1,3,1
3,31,2,4,0,2,1
3,32,6,4,0,4,0
3,33,5,4,1,4,1
3,34,7,4,0,2,1
3,35,9,4,0,1,1
3,36,14,4,1,1,1
3,37,12,4,1,2,1
3,38,14,4,1,2,0
3,39,4,4,0,1,1
3,40,15,4,0,1,0
3,41,7,4,0,2,1
3,42,4,4,1,1,1
3,43,13,4,1,3,1
3,44,10,4,1,1,0
3,45,15,4,1,4,1
3,1,15,5,1,4,1
3,2,12,5,1,4,0
3,3,7,5,0,2,1
3,4,14,5,0,1,1
3,5,6,5,0,1,0
3,6,15,5,1,5,0
3,7,12,5,1,2,1
3,8,5,5,1,4,1
3,9,9,5,0,1,1
3,10,12,5,1,2,1
3,11,3,5,1,3,1
3,12,11,5,0,3,0
3,13,7,5,1,2,1
3,14,14,5,0,3,0
3,15,2,5,1,2,1
3,16,9,5,0,1,1
3,17,10,5,0,2,0
3,18,2,5,1,2,1
3,19,4,5,1,1,1
3,20,7,5,1,2,1
3,21,1,5,1,5,0
3,22,6,5,1,2,0
3,23,10,5,1,4,1
3,24,4,5,1,1,1
3,25,3,5,1,3,1
3,26,8,5,0,3,1
3,27,15,5,1,4,1
3,28,4,5,1,1,1
3,29,11,5,1,3,0
3,30,6,5,0,3,0
3,31,1,5,0,1,0
3,32,5,5,1,4,1
3,33,13,5,0,1,0
3,34,10,5,0,4,1
3,35,14,5,1,1,1
3,36,5,5,1,4,1
3,37,13,5,1,3,1
3,38,11,5,0,1,0
3,39,1,5,0,3,0
3,40,13,5,1,3,1
3,41,3,5,1,3,1
3,42,9,5,0,1,1
3,43,8,5,1,3,1
3,44,2,5,0,2,1
3,45,8,5,1,3,1
4,1,9,1,0,3,1
4,2,2,1,0,1,1
4,3,13,1,0,2,1
4,4,15,1,0,1,0
4,5,5,1,0,5,1
4,6,4,1,0,3,1
4,7,6,1,0,1,0
4,8,11,1,1,4,0
4,9,4,1,1,3,1
4,10,8,1,0,2,1
4,11,5,1,1,5,1
4,12,9,1,0,3,1
4,13,5,1,1,5,1
4,14,3,1,0,2,1
4,15,7,1,0,1,1
4,16,1,1,1,4,0
4,17,10,1,1,3,0
4,18,4,1,0,3,1
4,19,2,1,0,1,1
4,20,6,1,0,3,0
4,21,14,1,0,1,0
4,22,2,1,0,1,1
4,23,13,1,0,3,0
4,24,15,1,0,5,1
4,25,10,1,0,5,1
4,26,14,1,0,3,1
4,27,10,1,1,5,1
4,28,12,1,0,5,0
4,29,1,1,0,2,0
4,30,7,1,0,1,1
4,31,3,1,1,2,1
4,32,15,1,0,5,1
4,33,3,1,1,2,1
4,34,14,1,0,3,1
4,35,8,1,0,2,1
4,36,7,1,1,1,1
4,37,13,1,0,2,1
4,38,12,1,0,1,1
4,39,11,1,0,2,0
4,40,8,1,1,2,1
4,41,12,1,1,1,1
4,42,1,1,0,4,0
4,43,6,1,0,2,0
4,44,11,1,0,2,0
4,45,9,1,0,3,1
4,1,9,2,1,3,1
4,2,3,2,1,2,1
4,3,14,2,0,3,1
4,4,6,2,0,4,0
4,5,1,2,0,2,0
4,6,11,2,1,2,0
4,7,6,2,1,3,0
4,8,10,2,1,5,1
4,9,5,2,1,5,1
4,10,3,2,1,2,1
4,11,1,2,1,5,0
4,12,7,2,1,1,1
4,13,9,2,1,3,1
4,14,4,2,0,3,1
4,15,2,2,1,1,1
4,16,7,2,1,1,1
4,17,2,2,1,1,1
4,18,5,2,1,5,1
4,19,12,2,0,1,1
4,20,7,2,1,1,1
4,21,8,2,1,2,1
4,22,11,2,0,3,0
4,23,13,2,0,3,0
4,24,8,2,1,2,1
4,25,6,2,1,2,0
4,26,10,2,0,2,0
4,27,13,2,0,2,1
4,28,1,2,0,3,0
4,29,4,2,1,3,1
4,30,8,2,1,2,1
4,31,5,2,1,5,1
4,32,15,2,0,5,1
4,33,4,2,1,3,1
4,34,14,2,0,2,0
4,35,2,2,1,1,1
4,36,10,2,0,5,1
4,37,15,2,0,1,0
4,38,14,2,0,3,1
4,39,13,2,1,2,1
4,40,9,2,1,3,1
4,41,12,2,1,3,0
4,42,3,2,0,2,1
4,43,15,2,0,5,1
4,44,12,2,1,1,1
4,45,11,2,1,1,0
4,1,11,3,1,3,0
4,2,15,3,1,5,1
4,3,13,3,1,2,1
4,4,12,3,0,1,1
4,5,13,3,1,2,1
4,6,6,3,1,2,0
4,7,9,3,1,3,1
4,8,14,3,1,3,1
4,9,12,3,1,3,0
4,10,4,3,1,3,1
4,11,3,3,1,2,1
4,12,14,3,1,3,1
4,13,15,3,1,1,0
4,14,7,3,1,1,1
4,15,6,3,0,5,0
4,16,4,3,1,3,1
4,17,10,3,0,5,1
4,18,7,3,1,1,1
4,19,9,3,1,3,1
4,20,3,3,1,2,1
4,21,5,3,1,5,1
4,22,2,3,1,1,1
4,23,13,3,1,5,0
4,24,5,3,1,5,1
4,25,11,3,0,4,0
4,26,6,3,1,5,0
4,27,11,3,1,1,0
4,28,1,3,1,5,0
4,29,10,3,1,5,1
4,30,8,3,1,2,1
4,31,7,3,1,1,1
4,32,8,3,1,2,1
4,33,9,3,1,3,1
4,34,2,3,1,1,1
4,35,1,3,1,1,0
4,36,12,3,1,1,1
4,37,4,3,1,3,1
4,38,14,3,1,5,0
4,39,8,3,1,2,1
4,40,15,3,1,5,1
4,41,5,3,1,5,1
4,42,1,3,1,4,0
4,43,10,3,0,3,0
4,44,3,3,1,2,1
4,45,2,3,1,1,1
5,1,6,1,0,1,0
5,2,15,1,0,5,1
5,3,11,1,0,2,0
5,4,14,1,0,3,1
5,5,13,1,0,4,1
5,6,5,1,0,5,1
5,7,15,1,0,5,1
5,8,3,1,0,4,1
5,9,8,1,1,4,1
5,10,2,1,0,1,1
5,11,4,1,0,3,1
5,12,14,1,0,1,0
5,13,2,1,1,1,1
5,14,4,1,1,3,1
5,15,5,1,0,5,1
5,16,15,1,0,3,0
5,17,1,1,0,3,0
5,18,5,1,0,5,1
5,19,7,1,0,1,1
5,20,12,1,0,1,1
5,21,9,1,0,3,1
5,22,6,1,0,2,0
5,23,11,1,0,2,0
5,24,1,1,0,4,0
5,25,2,1,0,1,1
5,26,10,1,0,2,0
5,27,12,1,0,1,1
5,28,9,1,0,3,1
5,29,3,1,1,4,1
5,30,8,1,0,4,1
5,31,7,1,1,1,1
5,32,9,1,0,3,1
5,33,6,1,0,2,0
5,34,14,1,1,3,1
5,35,10,1,0,5,1
5,36,13,1,1,4,1
5,37,3,1,0,4,1
5,38,7,1,0,1,1
5,39,12,1,1,2,0
5,40,4,1,0,3,1
5,41,13,1,0,5,0
5,42,11,1,0,2,0
5,43,1,1,0,1,0
5,44,10,1,1,5,1
5,45,8,1,0,4,1
5,1,2,2,0,1,1
5,2,8,2,1,4,1
5,3,3,2,0,4,1
5,4,4,2,1,3,1
5,5,13,2,1,4,1
5,6,7,2,0,1,1
5,7,12,2,0,4,0
5,8,14,2,0,3,1
5,9,9,2,0,3,1
5,10,3,2,0,4,1
5,11,2,2,1,1,1
5,12,4,2,1,3,1
5,13,3,2,1,4,1
5,14,14,2,0,4,0
5,15,12,2,0,1,1
5,16,7,2,1,1,1
5,17,1,2,0,4,0
5,18,15,2,0,1,0
5,19,10,2,1,5,1
5,20,8,2,1,4,1
5,21,2,2,1,1,1
5,22,14,2,1,3,1
5,23,15,2,1,5,1
5,24,6,2,0,1,0
5,25,10,2,0,1,0
5,26,9,2,1,3,1
5,27,1,2,0,5,0
5,28,6,2,1,1,0
5,29,9,2,1,3,1
5,30,5,2,0,5,1
5,31,13,2,0,5,0
5,32,8,2,1,4,1
5,33,12,2,1,1,1
5,34,11,2,0,3,0
5,35,10,2,1,5,1
5,36,11,2,0,4,0
5,37,13,2,1,4,1
5,38,6,2,1,3,0
5,39,5,2,1,5,1
5,40,4,2,0,3,1
5,41,11,2,0,5,0
5,42,15,2,1,5,1
5,43,7,2,1,1,1
5,44,5,2,1,5,1
5,45,1,2,1,4,0
5,1,3,3,1,4,1
5,2,12,3,0,1,1
5,3,3,3,1,4,1
5,4,10,3,0,2,0
5,5,4,3,1,3,1
5,6,15,3,0,4,0
5,7,12,3,0,4,0
5,8,10,3,1,5,1
5,9,2,3,1,1,1
5,10,11,3,0,5,0
5,11,7,3,1,1,1
5,12,9,3,1,3,1
5,13,11,3,0,1,0
5,14,8,3,1,4,1
5,15,2,3,1,1,1
5,16,5,3,0,5,1
5,17,14,3,1,3,1
5,18,3,3,1,4,1
5,19,5,3,0,5,1
5,20,6,3,1,4,0
5,21,15,3,1,5,1
5,22,10,3,1,5,1
5,23,5,3,1,5,1
5,24,4,3,1,3,1
5,25,7,3,1,1,1
5,26,1,3,0,5,0
5,27,8,3,1,4,1
5,28,6,3,0,4,0
5,29,1,3,1,4,0
5,30,9,3,1,3,1
5,31,13,3,0,5,0
5,32,7,3,1,1,1
5,33,12,3,0,1,1
5,34,15,3,1,5,1
5,35,4,3,1,3,1
5,36,8,3,1,4,1
5,37,14,3,1,3,1
5,38,13,3,1,4,1
5,39,2,3,1,1,1
5,40,6,3,1,2,0
5,41,14,3,0,5,0
5,42,9,3,1,3,1
5,43,1,3,1,4,0
5,44,11,3,1,3,0
5,45,13,3,1,4,1
6,1,8,1,0,4,1
6,2,5,1,0,3,1
6,3,8,1,1,4,1
6,4,5,1,1,3,1
6,5,11,1,0,3,0
6,6,4,1,0,2,1
6,7,12,1,0,1,1
6,8,15,1,0,3,1
6,9,4,1,1,2,1
6,10,2,1,0,1,1
6,11,14,1,0,3,0
6,12,13,1,0,3,0
6,13,15,1,0,4,0
6,14,2,1,0,1,1
6,15,9,1,0,2,1
6,16,7,1,1,1,1
6,17,11,1,0,2,0
6,18,6,1,1,2,0
6,19,15,1,1,3,1
6,20,5,1,1,3,1
6,21,1,1,0,5,0
6,22,13,1,0,4,1
6,23,2,1,0,1,1
6,24,10,1,0,3,1
6,25,4,1,1,2,1
6,26,12,1,0,5,0
6,27,6,1,1,1,0
6,28,9,1,0,2,1
6,29,14,1,0,2,1
6,30,7,1,0,1,1
6,31,6,1,1,3,0
6,32,1,1,0,1,0
6,33,10,1,1,3,1
6,34,11,1,0,5,0
6,35,7,1,1,1,1
6,36,8,1,1,4,1
6,37,3,1,0,4,1
6,38,12,1,1,1,1
6,39,13,1,0,4,1
6,40,14,1,1,2,1
6,41,9,1,1,2,1
6,42,3,1,1,4,1
6,43,10,1,0,1,0
6,44,1,1,0,5,0
6,45,3,1,1,4,1
6,1,10,2,0,3,1
6,2,14,2,1,2,1
6,3,7,2,1,1,1
6,4,6,2,1,3,0
6,5,9,2,1,2,1
6,6,1,2,1,1,0
6,7,13,2,1,4,1
6,8,15,2,1,3,1
6,9,1,2,1,2,0
6,10,14,2,0,1,0
6,11,7,2,1,1,1
6,12,12,2,1,1,1
6,13,7,2,1,1,1
6,14,11,2,0,3,0
6,15,2,2,1,1,1
6,16,10,2,0,2,0
6,17,5,2,0,3,1
6,18,8,2,1,4,1
6,19,13,2,1,2,0
6,20,1,2,0,1,0
6,21,15,2,1,4,0
6,22,10,2,0,3,1
6,23,12,2,1,1,1
6,24,3,2,1,4,1
6,25,6,2,0,5,0
6,26,4,2,1,2,1
6,27,12,2,0,3,0
6,28,11,2,0,5,0
6,29,3,2,1,4,1
6,30,4,2,1,2,1
6,31,3,2,1,4,1
6,32,9,2,1,2,1
6,33,4,2,1,2,1
6,34,5,2,1,3,1
6,35,11,2,0,5,0
6,36,8,2,1,4,1
6,37,5,2,1,3,1
6,38,2,2,1,1,1
6,39,14,2,1,2,1
6,40,2,2,1,1,1
6,41,15,2,1,3,1
6,42,6,2,1,3,0
6,43,13,2,0,4,1
6,44,9,2,1,2,1
6,45,8,2,1,4,1
7,1,11,1,1,1,0
7,2,13,1,1,4,0
7,3,4,1,0,3,1
7,4,6,1,1,2,0
7,5,12,1,0,4,0
7,6,14,1,0,3,1
7,7,1,1,0,2,0
7,8,2,1,0,5,1
7,9,1,1,0,4,0
7,10,8,1,0,2,1
7,11,15,1,0,1,1
7,12,8,1,1,2,1
7,13,15,1,1,1,1
7,14,9,1,0,3,1
7,15,10,1,0,1,1
7,16,9,1,0,3,1
7,17,14,1,0,2,0
7,18,11,1,1,4,0
7,19,10,1,0,1,1
7,20,13,1,0,2,1
7,21,6,1,0,4,0
7,22,7,1,1,5,1
7,23,2,1,0,5,1
7,24,3,1,0,2,1
7,25,5,1,0,1,1
7,26,3,1,0,2,1
7,27,9,1,0,3,1
7,28,5,1,1,1,1
7,29,11,1,0,4,0
7,30,12,1,0,5,1
7,31,1,1,0,1,0
7,32,14,1,0,3,1
7,33,10,1,0,5,0
7,34,4,1,0,3,1
7,35,15,1,0,5,0
7,36,7,1,0,5,1
7,37,2,1,1,5,1
7,38,7,1,0,5,1
7,39,4,1,1,3,1
7,40,12,1,1,5,1
7,41,3,1,1,2,1
7,42,13,1,0,2,1
7,43,6,1,0,1,0
7,44,5,1,1,1,1
7,45,8,1,1,2,1
7,1,5,2,1,1,1
7,2,1,2,0,2,0
7,3,14,2,0,2,0
7,4,2,2,0,5,1
7,5,1,2,1,2,0
7,6,5,2,1,1,1
7,7,11,2,0,4,0
7,8,13,2,0,4,0
7,9,12,2,1,1,0
7,10,15,2,0,1,1
7,11,10,2,0,1,1
7,12,3,2,1,2,1
7,13,12,2,1,5,1
7,14,3,2,1,2,1
7,15,15,2,1,4,0
7,16,10,2,1,2,0
7,17,8,2,1,2,1
7,18,13,2,0,2,1
7,19,6,2,1,2,0
7,20,7,2,0,5,1
7,21,12,2,1,5,1
7,22,14,2,0,3,1
7,23,15,2,0,1,1
7,24,7,2,0,5,1
7,25,4,2,1,3,1
7,26,1,2,0,5,0
7,27,4,2,1,3,1
7,28,14,2,1,3,1
7,29,3,2,1,2,1
7,30,9,2,0,3,1
7,31,10,2,1,1,1
7,32,11,2,0,1,0
7,33,8,2,1,2,1
7,34,7,2,0,5,1
7,35,11,2,0,5,0
7,36,13,2,0,2,1
7,37,9,2,0,3,1
7,38,4,2,1,3,1
7,39,2,2,1,5,1
7,40,9,2,1,3,1
7,41,5,2,1,1,1
7,42,6,2,1,3,0
7,43,8,2,1,2,1
7,44,6,2,0,2,0
7,45,2,2,1,5,1
7,1,2,3,1,5,1
7,2,14,3,0,3,1
7,3,9,3,1,3,1
7,4,4,3,1,3,1
7,5,11,3,0,1,0
7,6,1,3,0,1,0
7,7,2,3,1,5,1
7,8,4,3,1,3,1
7,9,8,3,1,2,1
7,10,9,3,1,3,1
7,11,5,3,1,1,1
7,12,3,3,1,2,1
7,13,14,3,0,2,0
7,14,12,3,0,5,1
7,15,9,3,1,3,1
7,16,15,3,1,4,0
7,17,10,3,1,1,1
7,18,4,3,1,3,1
7,19,15,3,0,1,1
7,20,7,3,0,5,1
7,21,11,3,0,3,0
7,22,3,3,1,2,1
7,23,12,3,1,5,1
7,24,13,3,0,2,1
7,25,2,3,1,5,1
7,26,6,3,1,3,0
7,27,7,3,0,5,1
7,28,3,3,1,2,1
7,29,13,3,0,3,0
7,30,7,3,1,5,1
7,31,8,3,1,2,1
7,32,5,3,1,1,1
7,33,10,3,0,5,0
7,34,6,3,0,1,0
7,35,1,3,0,3,0
7,36,8,3,1,2,1
7,37,14,3,1,3,1
7,38,11,3,0,1,0
7,39,5,3,1,1,1
7,40,1,3,0,5,0
7,41,12,3,0,4,0
7,42,6,3,0,4,0
7,43,13,3,1,2,1
7,44,10,3,1,1,1
7,45,15,3,1,1,1
8,1,5,1,0,4,1
8,2,3,1,0,2,1
8,3,12,1,0,5,0
8,4,13,1,0,2,1
8,5,1,1,0,4,0
8,6,5,1,0,4,1
8,7,2,1,0,3,1
8,8,15,1,0,4,1
8,9,14,1,0,5,1
8,10,1,1,1,3,0
8,11,15,1,0,5,0
8,12,7,1,0,3,1
8,13,15,1,0,4,1
8,14,2,1,0,3,1
8,15,1,1,1,2,0
8,16,3,1,0,2,1
8,17,6,1,0,5,0
8,18,10,1,1,4,1
8,19,7,1,0,3,1
8,20,12,1,0,3,1
8,21,5,1,0,4,1
8,22,3,1,1,2,1
8,23,14,1,0,5,1
8,24,11,1,1,1,0
8,25,7,1,1,3,1
8,26,10,1,0,4,1
8,27,9,1,0,5,1
8,28,14,1,0,3,0
8,29,2,1,1,3,1
8,30,9,1,0,5,1
8,31,4,1,0,5,1
8,32,6,1,0,3,0
8,33,8,1,0,2,1
8,34,13,1,1,3,0
8,35,6,1,1,1,0
8,36,11,1,0,5,0
8,37,8,1,1,2,1
8,38,12,1,0,3,1
8,39,13,1,0,2,1
8,40,4,1,0,5,1
8,41,11,1,1,4,0
8,42,8,1,1,2,1
8,43,9,1,1,5,1
8,44,10,1,1,1,0
8,45,4,1,0,5,1
8,1,10,2,1,4,1
8,2,2,2,0,3,1
8,3,4,2,1,5,1
8,4,5,2,0,4,1
8,5,7,2,1,3,1
8,6,1,2,0,3,0
8,7,6,2,0,5,0
8,8,12,2,0,3,1
8,9,14,2,0,5,1
8,10,13,2,0,2,1
8,11,12,2,1,3,1
8,12,9,2,0,5,1
8,13,13,2,0,5,0
8,14,2,2,1,3,1
8,15,14,2,0,5,1
8,16,2,2,1,3,1
8,17,6,2,1,1,0
8,18,4,2,0,5,1
8,19,3,2,0,2,1
8,20,11,2,1,4,0
8,21,15,2,0,5,0
8,22,3,2,1,2,1
8,23,7,2,0,3,1
8,24,11,2,0,1,0
8,25,8,2,0,2,1
8,26,10,2,0,5,0
8,27,14,2,0,2,0
8,28,15,2,0,4,1
8,29,5,2,0,4,1
8,30,3,2,0,2,1
8,31,12,2,0,5,0
8,32,6,2,1,1,0
8,33,11,2,0,4,0
8,34,9,2,0,5,1
8,35,1,2,0,3,0
8,36,5,2,1,4,1
8,37,13,2,0,2,1
8,38,4,2,0,5,1
8,39,15,2,0,4,1
8,40,7,2,0,3,1
8,41,8,2,1,2,1
8,42,10,2,0,4,1
8,43,1,2,0,1,0
8,44,9,2,0,5,1
8,45,8,2,1,2,1
8,1,4,3,0,5,1
8,2,9,3,1,5,1
8,3,2,3,0,3,1
8,4,3,3,1,2,1
8,5,15,3,0,3,0
8,6,9,3,1,5,1
8,7,2,3,1,3,1
8,8,10,3,1,4,1
8,9,8,3,1,2,1
8,10,5,3,0,4,1
8,11,6,3,1,2,0
8,12,11,3,0,2,0
8,13,3,3,1,2,1
8,14,8,3,1,2,1
8,15,12,3,0,3,1
8,16,2,3,1,3,1
8,17,7,3,1,3,1
8,18,4,3,0,5,1
8,19,14,3,1,5,1
8,20,1,3,1,3,0
8,21,7,3,1,3,1
8,22,11,3,1,1,0
8,23,14,3,0,3,0
8,24,8,3,1,2,1
8,25,11,3,0,5,0
8,26,5,3,0,4,1
8,27,14,3,0,5,1
8,28,10,3,1,4,1
8,29,1,3,1,3,0
8,30,7,3,1,3,1
8,31,10,3,1,5,0
8,32,12,3,0,1,0
8,33,9,3,1,5,1
8,34,6,3,1,1,0
8,35,13,3,0,2,1
8,36,12,3,1,3,1
8,37,13,3,0,5,0
8,38,6,3,0,5,0
8,39,3,3,1,2,1
8,40,4,3,0,5,1
8,41,1,3,0,5,0
8,42,13,3,0,2,1
8,43,15,3,0,4,1
8,44,5,3,1,4,1
8,45,15,3,1,4,1
8,1,9,4,0,5,1
8,2,15,4,1,4,1
8,3,1,4,1,2,0
8,4,6,4,1,4,0
8,5,5,4,1,4,1
8,6,9,4,0,5,1
8,7,5,4,1,4,1
8,8,4,4,0,5,1
8,9,3,4,1,2,1
8,10,5,4,1,4,1
8,11,8,4,1,2,1
8,12,3,4,1,2,1
8,13,6,4,1,4,0
8,14,7,4,1,3,1
8,15,11,4,1,4,0
8,16,2,4,0,3,1
8,17,15,4,1,4,1
8,18,3,4,1,2,1
8,19,14,4,0,5,1
8,20,1,4,1,5,0
8,21,12,4,1,2,0
8,22,4,4,1,5,1
8,23,10,4,1,4,1
8,24,13,4,1,2,1
8,25,2,4,1,3,1
8,26,10,4,1,4,1
8,27,4,4,1,5,1
8,28,13,4,0,3,0
8,29,14,4,0,5,1
8,30,11,4,0,3,0
8,31,12,4,1,3,1
8,32,10,4,1,2,0
8,33,2,4,1,3,1
8,34,12,4,0,3,1
8,35,8,4,1,2,1
8,36,14,4,0,3,0
8,37,7,4,1,3,1
8,38,15,4,0,5,0
8,39,9,4,1,5,1
8,40,13,4,1,2,1
8,41,11,4,0,2,0
8,42,1,4,0,1,0
8,43,6,4,0,3,0
8,44,8,4,1,2,1
8,45,7,4,1,3,1
9,1,1,1,1,4,0
9,2,14,1,0,3,0
9,3,2,1,0,1,1
9,4,13,1,0,4,1
9,5,9,1,0,5,1
9,6,8,1,0,4,1
9,7,15,1,0,3,1
9,8,3,1,0,4,1
9,9,5,1,0,3,1
9,10,14,1,1,5,1
9,11,3,1,0,4,1
9,12,10,1,0,3,1
9,13,7,1,1,1,1
9,14,5,1,0,3,1
9,15,13,1,0,3,0
9,16,12,1,0,1,1
9,17,15,1,0,5,0
9,18,9,1,0,5,1
9,19,15,1,1,3,1
9,20,9,1,1,5,1
9,21,11,1,0,4,0
9,22,6,1,0,2,0
9,23,10,1,0,4,0
9,24,1,1,1,1,0
9,25,7,1,0,1,1
9,26,3,1,0,4,1
9,27,1,1,0,2,0
9,28,2,1,0,1,1
9,29,8,1,0,4,1
9,30,11,1,0,5,0
9,31,6,1,0,5,0
9,32,5,1,0,3,1
9,33,10,1,0,3,1
9,34,11,1,0,5,0
9,35,6,1,0,1,0
9,36,12,1,1,1,1
9,37,7,1,0,1,1
9,38,12,1,1,4,0
9,39,4,1,1,5,1
9,40,2,1,0,1,1
9,41,4,1,1,5,1
9,42,13,1,0,4,1
9,43,8,1,1,4,1
9,44,14,1,0,5,1
9,45,4,1,1,5,1
9,1,7,2,0,1,1
9,2,12,2,1,2,0
9,3,4,2,1,5,1
9,4,6,2,1,3,0
9,5,1,2,0,5,0
9,6,13,2,1,4,1
9,7,8,2,1,4,1
9,8,13,2,1,4,1
9,9,7,2,0,1,1
9,10,12,2,1,1,1
9,11,2,2,0,1,1
9,12,8,2,1,4,1
9,13,6,2,1,3,0
9,14,4,2,1,5,1
9,15,9,2,0,5,1
9,16,8,2,1,4,1
9,17,11,2,1,4,0
9,18,1,2,1,5,0
9,19,3,2,0,4,1
9,20,9,2,0,5,1
9,21,10,2,0,3,1
9,22,15,2,0,3,1
9,23,4,2,1,5,1
9,24,5,2,0,3,1
9,25,6,2,1,2,0
9,26,10,2,0,3,1
9,27,15,2,0,3,1
9,28,2,2,1,1,1
9,29,3,2,1,4,1
9,30,1,2,0,2,0
9,31,9,2,1,5,1
9,32,11,2,0,2,0
9,33,2,2,1,1,1
9,34,5,2,1,3,1
9,35,11,2,0,4,0
9,36,13,2,0,1,0
9,37,14,2,0,2,0
9,38,3,2,0,4,1
9,39,14,2,0,5,1
9,40,10,2,1,1,0
9,41,7,2,0,1,1
9,42,15,2,1,1,0
9,43,14,2,0,5,1
9,44,12,2,1,1,1
9,45,5,2,1,3,1
9,1,12,3,1,1,1
9,2,7,3,0,1,1
9,3,10,3,1,3,1
9,4,2,3,1,1,1
9,5,4,3,1,5,1
9,6,15,3,0,3,1
9,7,7,3,1,1,1
9,8,10,3,0,4,0
9,9,6,3,0,5,0
9,10,1,3,0,3,0
9,11,13,3,1,2,0
9,12,1,3,1,5,0
9,13,8,3,1,4,1
9,14,7,3,1,1,1
9,15,4,3,1,5,1
9,16,8,3,1,4,1
9,17,5,3,1,3,1
9,18,14,3,1,1,0
9,19,12,3,1,2,0
9,20,6,3,1,1,0
9,21,2,3,1,1,1
9,22,14,3,0,5,1
9,23,11,3,0,5,0
9,24,9,3,0,5,1
9,25,8,3,1,4,1
9,26,3,3,0,4,1
9,27,9,3,1,5,1
9,28,15,3,1,3,1
9,29,10,3,0,3,1
9,30,2,3,1,1,1
9,31,12,3,1,1,1
9,32,11,3,0,2,0
9,33,1,3,1,5,0
9,34,14,3,1,5,1
9,35,15,3,1,5,0
9,36,13,3,0,4,1
9,37,5,3,1,3,1
9,38,11,3,0,1,0
9,39,3,3,1,4,1
9,40,5,3,1,3,1
9,41,3,3,1,4,1
9,42,9,3,1,5,1
9,43,13,3,1,4,1
9,44,4,3,1,5,1
9,45,6,3,0,4,0
10,1,7,1,0,2,1
10,2,10,1,0,5,1
10,3,4,1,0,3,1
10,4,14,1,0,3,1
10,5,15,1,0,5,1
10,6,6,1,0,5,0
10,7,13,1,0,4,1
10,8,10,1,1,2,0
10,9,1,1,1,1,0
10,10,4,1,1,3,1
10,11,14,1,0,2,0
10,12,8,1,0,4,1
10,13,12,1,0,2,1
10,14,6,1,0,4,0
10,15,12,1,1,2,1
10,16,14,1,0,3,1
10,17,9,1,0,3,1
10,18,1,1,0,3,0
10,19,10,1,0,5,1
10,20,9,1,1,3,1
10,21,15,1,0,1,0
10,22,11,1,1,5,0
10,23,5,1,0,5,1
10,24,11,1,0,4,0
10,25,7,1,0,2,1
10,26,3,1,0,4,1
10,27,12,1,0,1,0
10,28,7,1,1,2,1
10,29,5,1,0,5,1
10,30,8,1,0,4,1
10,31,4,1,0,3,1
10,32,9,1,0,3,1
10,33,3,1,1,4,1
10,34,1,1,1,2,0
10,35,2,1,0,2,1
10,36,15,1,0,5,1
10,37,6,1,0,5,0
10,38,13,1,0,4,1
10,39,3,1,1,4,1
10,40,11,1,0,2,0
10,41,2,1,1,2,1
10,42,13,1,1,1,0
10,43,5,1,0,5,1
10,44,2,1,0,2,1
10,45,8,1,0,4,1
10,1,12,2,0,5,0
10,2,9,2,0,3,1
10,3,14,2,0,3,1
10,4,6,2,1,5,0
10,5,7,2,0,2,1
10,6,3,2,1,4,1
10,7,4,2,0,3,1
10,8,10,2,0,5,1
10,9,1,2,1,5,0
10,10,10,2,1,3,0
10,11,8,2,0,4,1
10,12,9,2,0,3,1
10,13,4,2,0,3,1
10,14,5,2,0,5,1
10,15,11,2,0,1,0
10,16,15,2,0,5,1
10,17,6,2,0,1,0
10,18,14,2,0,3,1
10,19,7,2,0,2,1
10,20,8,2,1,4,1
10,21,5,2,0,5,1
10,22,8,2,1,4,1
10,23,2,2,1,2,1
10,24,3,2,1,4,1
10,25,12,2,0,2,1
10,26,15,2,1,1,0
10,27,3,2,1,4,1
10,28,2,2,1,2,1
10,29,5,2,1,5,1
10,30,6,2,1,5,0
10,31,4,2,1,3,1
10,32,10,2,1,5,1
10,33,1,2,1,1,0
10,34,11,2,1,1,0
10,35,13,2,1,5,0
10,36,1,2,0,2,0
10,37,2,2,1,2,1
10,38,12,2,1,2,1
10,39,13,2,0,4,1
10,40,11,2,1,4,0
10,41,9,2,1,3,1
10,42,13,2,0,4,1
10,43,15,2,0,5,1
10,44,14,2,0,5,0
10,45,7,2,1,2,1
10,1,4,3,0,3,1
10,2,7,3,1,2,1
10,3,8,3,1,4,1
10,4,1,3,0,4,0
10,5,11,3,0,2,0
10,6,2,3,1,2,1
10,7,6,3,0,4,0
10,8,3,3,1,4,1
10,9,5,3,0,5,1
10,10,15,3,1,5,1
10,11,1,3,1,1,0
10,12,8,3,1,4,1
10,13,10,3,1,5,1
10,14,9,3,1,3,1
10,15,13,3,0,5,0
10,16,15,3,1,5,1
10,17,8,3,1,4,1
10,18,14,3,0,3,1
10,19,9,3,1,3,1
10,20,7,3,1,2,1
10,21,12,3,1,3,0
10,22,4,3,0,3,1
10,23,15,3,1,4,0
10,24,12,3,1,2,1
10,25,4,3,1,3,1
10,26,10,3,0,2,0
10,27,6,3,1,5,0
10,28,3,3,1,4,1
10,29,14,3,0,5,0
10,30,2,3,1,2,1
10,31,13,3,1,4,1
10,32,5,3,0,5,1
10,33,12,3,1,2,1
10,34,10,3,1,5,1
10,35,3,3,1,4,1
10,36,2,3,1,2,1
10,37,6,3,1,5,0
10,38,13,3,1,4,1
10,39,11,3,0,4,0
10,40,5,3,1,5,1
10,41,1,3,0,1,0
10,42,7,3,1,2,1
10,43,9,3,1,3,1
10,44,11,3,1,2,0
10,45,14,3,1,3,1
11,1,12,1,0,4,0
11,2,5,1,0,1,1
11,3,13,1,0,3,1
11,4,7,1,0,2,1
11,5,15,1,0,1,1
11,6,14,1,0,2,0
11,7,1,1,0,4,0
11,8,3,1,1,3,1
11,9,12,1,0,2,1
11,10,4,1,0,4,1
11,11,12,1,1,2,1
11,12,6,1,1,3,0
11,13,15,1,1,1,1
11,14,9,1,0,4,1
11,15,14,1,0,4,1
11,16,9,1,1,4,1
11,17,6,1,1,5,0
11,18,10,1,0,1,1
11,19,11,1,0,2,0
11,20,5,1,0,1,1
11,21,9,1,1,4,1
11,22,6,1,0,1,0
11,23,3,1,1,3,1
11,24,15,1,0,3,0
11,25,5,1,1,1,1
11,26,4,1,1,4,1
11,27,1,1,0,3,0
11,28,2,1,1,2,1
11,29,11,1,1,4,0
11,30,8,1,0,3,1
11,31,2,1,1,2,1
11,32,3,1,1,3,1
11,33,11,1,1,4,0
11,34,1,1,0,5,0
11,35,7,1,1,2,1
11,36,10,1,0,2,0
11,37,2,1,1,2,1
11,38,8,1,1,3,1
11,39,13,1,0,2,0
11,40,7,1,1,2,1
11,41,14,1,1,4,1
11,42,13,1,0,3,1
11,43,10,1,1,1,1
11,44,4,1,1,4,1
11,45,8,1,1,3,1
11,1,8,2,1,3,1
11,2,10,2,1,1,1
11,3,13,2,1,4,0
11,4,4,2,1,4,1
11,5,1,2,1,4,0
11,6,12,2,0,4,0
11,7,9,2,1,4,1
11,8,8,2,1,3,1
11,9,2,2,1,2,1
11,10,1,2,1,3,0
11,11,4,2,1,4,1
11,12,13,2,1,3,1
11,13,15,2,1,1,1
11,14,5,2,1,1,1
11,15,10,2,1,1,1
11,16,15,2,1,1,1
11,17,3,2,1,3,1
11,18,7,2,1,2,1
11,19,8,2,1,3,1
11,20,10,2,1,3,0
11,21,14,2,1,4,1
11,22,11,2,0,5,0
11,23,3,2,1,3,1
11,24,6,2,1,1,0
11,25,2,2,1,2,1
11,26,3,2,1,3,1
11,27,15,2,0,4,0
11,28,7,2,1,2,1
11,29,9,2,1,4,1
11,30,1,2,1,1,0
11,31,11,2,1,2,0
11,32,4,2,0,4,1
11,33,7,2,1,2,1
11,34,2,2,1,2,1
11,35,13,2,1,3,1
11,36,14,2,1,4,1
11,37,6,2,1,1,0
11,38,11,2,1,2,0
11,39,9,2,1,4,1
11,40,12,2,1,2,1
11,41,5,2,1,1,1
11,42,6,2,0,5,0
11,43,14,2,1,5,0
11,44,5,2,1,1,1
11,45,12,2,1,2,1
12,1,6,1,0,1,0
12,2,8,1,0,3,1
12,3,5,1,0,1,1
12,4,15,1,0,5,0
12,5,14,1,0,5,1
12,6,7,1,0,2,1
12,7,13,1,0,3,1
12,8,8,1,1,3,1
12,9,2,1,1,2,1
12,10,4,1,0,5,1
12,11,10,1,0,1,1
12,12,8,1,1,3,1
12,13,14,1,0,3,0
12,14,11,1,0,4,0
12,15,4,1,1,5,1
12,16,15,1,0,1,1
12,17,12,1,0,5,0
12,18,4,1,0,5,1
12,19,6,1,1,4,0
12,20,11,1,1,5,0
12,21,5,1,0,1,1
12,22,1,1,0,2,0
12,23,9,1,1,5,1
12,24,13,1,0,3,1
12,25,9,1,1,5,1
12,26,7,1,1,2,1
12,27,10,1,1,1,1
12,28,12,1,1,2,1
12,29,3,1,1,3,1
12,30,13,1,0,1,0
12,31,1,1,0,3,0
12,32,12,1,0,2,1
12,33,3,1,0,3,1
12,34,5,1,0,1,1
12,35,2,1,1,2,1
12,36,11,1,0,3,0
12,37,3,1,0,3,1
12,38,14,1,0,5,1
12,39,9,1,0,5,1
12,40,2,1,1,2,1
12,41,7,1,0,2,1
12,42,1,1,1,2,0
12,43,10,1,0,3,0
12,44,15,1,0,1,1
12,45,6,1,0,2,0
12,1,15,2,1,1,1
12,2,14,2,1,5,1
12,3,1,2,1,4,0
12,4,8,2,1,3,1
12,5,12,2,1,2,1
12,6,5,2,0,1,1
12,7,2,2,1,2,1
12,8,15,2,1,5,0
12,9,3,2,1,3,1
12,10,6,2,1,5,0
12,11,7,2,1,2,1
12,12,1,2,0,1,0
12,13,4,2,0,5,1
12,14,13,2,0,3,1
12,15,2,2,1,2,1
12,16,9,2,0,5,1
12,17,2,2,1,2,1
12,18,3,2,0,3,1
12,19,10,2,0,1,1
12,20,15,2,1,1,1
12,21,7,2,1,2,1
12,22,10,2,0,5,0
12,23,5,2,1,1,1
12,24,9,2,1,5,1
12,25,13,2,1,2,0
12,26,5,2,1,1,1
12,27,3,2,1,3,1
12,28,11,2,0,3,0
12,29,8,2,1,3,1
12,30,4,2,0,5,1
12,31,6,2,1,4,0
12,32,8,2,1,3,1
12,33,12,2,0,2,1
12,34,6,2,1,2,0
12,35,11,2,0,4,0
12,36,4,2,1,5,1
12,37,9,2,0,5,1
12,38,12,2,0,1,0
12,39,10,2,0,1,1
12,40,1,2,0,5,0
12,41,14,2,0,1,0
12,42,7,2,1,2,1
12,43,13,2,0,3,1
12,44,11,2,1,4,0
12,45,14,2,0,5,1
12,1,9,3,0,5,1
12,2,1,3,1,4,0
12,3,2,3,1,2,1
12,4,4,3,1,5,1
12,5,15,3,0,4,0
12,6,11,3,0,1,0
12,7,7,3,1,2,1
12,8,2,3,1,2,1
12,9,7,3,1,2,1
12,10,2,3,1,2,1
12,11,6,3,1,3,0
12,12,10,3,0,5,0
12,13,4,3,1,5,1
12,14,3,3,0,3,1
12,15,13,3,1,3,1
12,16,10,3,1,1,1
12,17,14,3,1,5,1
12,18,6,3,1,4,0
12,19,12,3,1,2,1
12,20,1,3,1,1,0
12,21,5,3,1,1,1
12,22,11,3,0,3,0
12,23,15,3,1,1,1
12,24,3,3,1,3,1
12,25,5,3,1,1,1
12,26,9,3,0,5,1
12,27,12,3,1,2,1
12,28,13,3,1,1,0
12,29,3,3,1,3,1
12,30,10,3,1,1,1
12,31,8,3,1,3,1
12,32,9,3,1,5,1
12,33,13,3,0,3,1
12,34,8,3,1,3,1
12,35,12,3,1,1,0
12,36,11,3,0,4,0
12,37,7,3,1,2,1
12,38,5,3,1,1,1
12,39,15,3,1,1,1
12,40,14,3,1,4,0
12,41,4,3,1,5,1
12,42,8,3,1,3,1
12,43,14,3,1,5,1
12,44,1,3,0,5,0
12,45,6,3,1,1,0
13,1,15,1,0,1,1
13,2,12,1,0,5,1
13,3,6,1,1,3,0
13,4,10,1,0,1,1
13,5,15,1,0,5,0
13,6,6,1,1,1,0
13,7,8,1,0,4,1
13,8,14,1,0,5,0
13,9,4,1,1,2,1
13,10,8,1,0,4,1
13,11,1,1,1,3,0
13,12,7,1,0,5,1
13,13,2,1,0,5,1
13,14,14,1,0,2,1
13,15,9,1,0,2,1
13,16,7,1,0,5,1
13,17,12,1,0,5,1
13,18,8,1,0,4,1
13,19,5,1,0,1,1
13,20,12,1,1,2,0
13,21,11,1,0,3,0
13,22,13,1,0,4,1
13,23,4,1,1,2,1
13,24,3,1,1,4,1
13,25,15,1,0,1,1
13,26,1,1,1,3,0
13,27,14,1,0,2,1
13,28,13,1,1,3,0
13,29,5,1,1,1,1
13,30,2,1,1,5,1
13,31,5,1,1,1,1
13,32,13,1,1,4,1
13,33,9,1,1,2,1
13,34,3,1,0,4,1
13,35,10,1,0,4,0
13,36,9,1,1,2,1
13,37,1,1,0,5,0
13,38,3,1,0,4,1
13,39,11,1,1,5,0
13,40,10,1,0,1,1
13,41,4,1,0,2,1
13,42,6,1,0,2,0
13,43,7,1,0,5,1
13,44,2,1,1,5,1
13,45,11,1,1,3,0
13,1,7,2,1,5,1
13,2,8,2,0,4,1
13,3,15,2,0,1,1
13,4,10,2,0,1,1
13,5,12,2,1,2,0
13,6,9,2,1,2,1
13,7,7,2,0,5,1
13,8,3,2,0,4,1
13,9,13,2,0,2,0
13,10,11,2,1,3,0
13,11,3,2,1,4,1
13,12,5,2,1,1,1
13,13,12,2,0,5,1
13,14,14,2,0,5,0
13,15,13,2,0,4,1
13,16,7,2,0,5,1
13,17,5,2,1,1,1
13,18,4,2,1,2,1
13,19,1,2,0,5,0
13,20,6,2,0,1,0
13,21,9,2,1,2,1
13,22,14,2,1,2,1
13,23,11,2,0,1,0
13,24,2,2,1,5,1
13,25,13,2,1,4,1
13,26,11,2,1,3,0
13,27,15,2,0,4,0
13,28,14,2,1,2,1
13,29,1,2,1,5,0
13,30,6,2,1,1,0
13,31,8,2,0,4,1
13,32,1,2,1,5,0
13,33,4,2,1,2,1
13,34,5,2,1,1,1
13,35,10,2,1,2,0
13,36,4,2,1,2,1
13,37,15,2,0,1,1
13,38,3,2,1,4,1
13,39,6,2,1,1,0
13,40,2,2,1,5,1
13,41,8,2,1,4,1
13,42,10,2,1,1,1
13,43,2,2,1,5,1
13,44,12,2,1,5,1
13,45,9,2,1,2,1
13,1,11,3,1,2,0
13,2,15,3,0,5,0
13,3,13,3,1,2,0
13,4,9,3,1,2,1
13,5,4,3,1,2,1
13,6,6,3,0,5,0
13,7,5,3,1,1,1
13,8,3,3,1,4,1
13,9,8,3,0,4,1
13,10,6,3,1,1,0
13,11,11,3,1,3,0
13,12,15,3,0,1,1
13,13,4,3,1,2,1
13,14,10,3,1,1,1
13,15,4,3,1,2,1
13,16,1,3,0,4,0
13,17,7,3,1,5,1
13,18,3,3,0,4,1
13,19,8,3,1,4,1
13,20,11,3,0,4,0
13,21,5,3,1,1,1
13,22,6,3,0,4,0
13,23,13,3,1,4,1
13,24,8,3,1,4,1
13,25,12,3,1,5,1
13,26,14,3,1,4,0
13,27,15,3,0,1,1
13,28,2,3,1,5,1
13,29,7,3,1,5,1
13,30,5,3,1,1,1
13,31,14,3,0,2,1
13,32,2,3,1,5,1
13,33,7,3,1,5,1
13,34,1,3,1,4,0
13,35,10,3,1,1,1
13,36,3,3,1,4,1
13,37,12,3,0,4,0
13,38,14,3,1,2,1
13,39,9,3,1,2,1
13,40,1,3,1,4,0
13,41,2,3,1,5,1
13,42,9,3,1,2,1
13,43,10,3,1,5,0
13,44,13,3,1,4,1
13,45,12,3,1,5,1
14,1,12,1,0,4,1
14,2,13,1,0,5,0
14,3,3,1,1,2,1
14,4,4,1,0,1,1
14,5,2,1,0,4,1
14,6,14,1,0,1,1
14,7,15,1,0,5,1
14,8,1,1,1,3,0
14,9,8,1,0,2,1
14,10,4,1,1,1,1
14,11,7,1,1,4,1
14,12,6,1,0,4,0
14,13,8,1,1,2,1
14,14,3,1,1,2,1
14,15,14,1,0,1,1
14,16,9,1,0,1,1
14,17,1,1,0,4,0
14,18,12,1,1,1,0
14,19,6,1,0,2,0
14,20,9,1,1,1,1
14,21,12,1,0,4,1
14,22,13,1,0,2,1
14,23,10,1,0,5,1
14,24,5,1,0,5,1
14,25,10,1,0,2,0
14,26,8,1,1,2,1
14,27,15,1,0,4,0
14,28,2,1,0,4,1
14,29,7,1,1,4,1
14,30,3,1,1,2,1
14,31,10,1,0,5,1
14,32,15,1,1,5,1
14,33,1,1,1,3,0
14,34,2,1,0,4,1
14,35,14,1,1,3,0
14,36,9,1,1,1,1
14,37,11,1,0,4,0
14,38,13,1,1,2,1
14,39,5,1,0,5,1
14,40,6,1,0,4,0
14,41,11,1,1,3,0
14,42,5,1,1,5,1
14,43,7,1,1,4,1
14,44,4,1,1,1,1
14,45,11,1,1,1,0
14,1,12,2,1,4,1
14,2,14,2,1,4,0
14,3,6,2,0,1,0
14,4,5,2,1,5,1
14,5,14,2,0,1,1
14,6,15,2,0,5,1
14,7,10,2,1,5,1
14,8,4,2,1,1,1
14,9,6,2,1,3,0
14,10,2,2,0,4,1
14,11,8,2,1,2,1
14,12,4,2,0,1,1
14,13,14,2,0,1,1
14,14,13,2,1,2,1
14,15,11,2,1,2,0
14,16,12,2,1,1,0
14,17,5,2,1,5,1
14,18,10,2,1,1,0
14,19,9,2,1,1,1
14,20,13,2,1,5,0
14,21,1,2,0,2,0
14,22,2,2,1,4,1
14,23,12,2,1,4,1
14,24,9,2,1,1,1
14,25,1,2,1,5,0
14,26,7,2,1,4,1
14,27,5,2,1,5,1
14,28,11,2,1,2,0
14,29,15,2,1,5,1
14,30,6,2,1,3,0
14,31,3,2,1,2,1
14,32,7,2,1,4,1
14,33,3,2,1,2,1
14,34,8,2,1,2,1
14,35,13,2,1,2,1
14,36,8,2,1,2,1
14,37,3,2,1,2,1
14,38,9,2,1,1,1
14,39,4,2,1,1,1
14,40,11,2,0,4,0
14,41,2,2,1,4,1
14,42,1,2,1,2,0
14,43,15,2,1,4,0
14,44,10,2,1,5,1
14,45,7,2,1,4,1
15,1,12,1,0,3,0
15,2,7,1,1,4,1
15,3,2,1,1,4,1
15,4,3,1,1,1,1
15,5,2,1,1,4,1
15,6,4,1,1,3,1
15,7,3,1,1,1,1
15,8,12,1,1,4,1
15,9,4,1,1,3,1
15,10,6,1,0,2,0
15,11,12,1,1,4,1
15,12,13,1,0,1,1
15,13,6,1,1,2,0
15,14,11,1,0,4,0
15,15,9,1,1,3,1
15,16,14,1,0,4,0
15,17,7,1,1,4,1
15,18,8,1,0,1,1
15,19,6,1,0,3,0
15,20,1,1,0,5,0
15,21,9,1,1,3,1
15,22,5,1,1,2,1
15,23,1,1,1,5,0
15,24,15,1,1,2,1
15,25,2,1,1,4,1
15,26,7,1,1,4,1
15,27,13,1,0,3,0
15,28,14,1,1,3,1
15,29,9,1,1,3,1
15,30,13,1,1,1,1
15,31,1,1,1,4,0
15,32,10,1,0,3,0
15,33,14,1,1,3,1
15,34,4,1,1,3,1
15,35,5,1,1,2,1
15,36,3,1,1,1,1
15,37,5,1,1,2,1
15,38,11,1,0,2,0
15,39,8,1,1,1,1
15,40,15,1,1,2,1
15,41,10,1,1,2,1
15,42,8,1,1,1,1
15,43,15,1,1,3,0
15,44,11,1,0,3,0
15,45,10,1,0,2,1
16,1,5,1,0,1,1
16,2,4,1,0,5,1
16,3,9,1,0,5,1
16,4,7,1,1,2,1
16,5,5,1,1,1,1
16,6,3,1,1,4,1
16,7,1,1,0,1,0
16,8,8,1,0,4,1
16,9,1,1,0,1,0
16,10,8,1,1,4,1
16,11,2,1,0,2,1
16,12,12,1,0,2,1
16,13,11,1,0,3,0
16,14,15,1,0,1,1
16,15,4,1,1,5,1
16,16,13,1,0,4,1
16,17,12,1,0,4,0
16,18,3,1,1,4,1
16,19,13,1,0,4,1
16,20,1,1,0,4,0
16,21,8,1,1,4,1
16,22,14,1,0,5,1
16,23,6,1,0,2,0
16,24,14,1,1,5,1
16,25,10,1,0,1,1
16,26,3,1,0,4,1
16,27,13,1,1,1,0
16,28,12,1,0,2,1
16,29,11,1,0,4,0
16,30,15,1,0,1,1
16,31,9,1,1,5,1
16,32,6,1,1,1,0
16,33,10,1,0,4,0
16,34,7,1,1,2,1
16,35,15,1,0,4,0
16,36,9,1,1,5,1
16,37,2,1,0,2,1
16,38,7,1,1,2,1
16,39,14,1,1,4,0
16,40,10,1,0,1,1
16,41,5,1,0,1,1
16,42,6,1,1,2,0
16,43,11,1,0,5,0
16,44,4,1,1,5,1
16,45,2,1,1,2,1
16,1,10,2,0,1,1
16,2,5,2,0,1,1
16,3,1,2,0,2,0
16,4,14,2,1,4,0
16,5,10,2,0,3,0
16,6,12,2,0,2,1
16,7,6,2,0,4,0
16,8,13,2,1,1,0
16,9,4,2,1,5,1
16,10,15,2,0,1,1
16,11,7,2,1,2,1
16,12,3,2,1,4,1
16,13,14,2,0,5,1
16,14,9,2,1,5,1
16,15,11,2,0,2,0
16,16,4,2,1,5,1
16,17,14,2,1,5,1
16,18,13,2,0,4,1
16,19,8,2,0,4,1
16,20,6,2,0,5,0
16,21,3,2,0,4,1
16,22,2,2,0,2,1
16,23,1,2,1,2,0
16,24,6,2,0,4,0
16,25,10,2,0,1,1
16,26,13,2,0,4,1
16,27,9,2,0,5,1
16,28,11,2,1,5,0
16,29,8,2,1,4,1
16,30,2,2,1,2,1
16,31,5,2,0,1,1
16,32,11,2,1,5,0
16,33,5,2,0,1,1
16,34,2,2,1,2,1
16,35,1,2,0,4,0
16,36,15,2,0,3,0
16,37,7,2,1,2,1
16,38,3,2,1,4,1
16,39,12,2,0,2,1
16,40,7,2,1,2,1
16,41,15,2,1,1,1
16,42,9,2,1,5,1
16,43,8,2,1,4,1
16,44,4,2,1,5,1
16,45,12,2,0,5,0
16,1,15,3,0,1,1
16,2,7,3,1,2,1
16,3,5,3,0,1,1
16,4,7,3,1,2,1
16,5,9,3,1,5,1
16,6,7,3,1,2,1
16,7,10,3,0,3,0
16,8,1,3,0,5,0
16,9,14,3,1,5,1
16,10,2,3,1,2,1
16,11,15,3,1,1,1
16,12,13,3,0,4,1
16,13,5,3,0,1,1
16,14,8,3,1,4,1
16,15,11,3,1,3,0
16,16,12,3,0,1,0
16,17,5,3,1,1,1
16,18,10,3,0,1,1
16,19,15,3,0,5,0
16,20,9,3,1,5,1
16,21,6,3,1,5,0
16,22,2,3,1,2,1
16,23,6,3,1,2,0
16,24,1,3,0,3,0
16,25,14,3,0,5,1
16,26,3,3,0,4,1
16,27,8,3,1,4,1
16,28,14,3,0,1,0
16,29,13,3,1,4,1
16,30,11,3,1,1,0
16,31,1,3,1,1,0
16,32,12,3,0,2,1
16,33,10,3,1,1,1
16,34,4,3,1,5,1
16,35,13,3,0,3,0
16,36,6,3,0,5,0
16,37,4,3,1,5,1
16,38,9,3,1,5,1
16,39,3,3,1,4,1
16,40,2,3,1,2,1
16,41,11,3,1,5,0
16,42,4,3,1,5,1
16,43,12,3,1,2,1
16,44,3,3,1,4,1
16,45,8,3,1,4,1
17,1,7,1,0,5,1
17,2,3,1,0,1,1
17,3,7,1,1,5,1
17,4,10,1,1,3,1
17,5,5,1,0,3,1
17,6,10,1,1,1,0
17,7,12,1,0,5,1
17,8,4,1,0,2,1
17,9,5,1,1,3,1
17,10,13,1,1,1,1
17,11,8,1,0,1,1
17,12,6,1,1,2,0
17,13,11,1,1,1,0
17,14,2,1,0,5,1
17,15,3,1,0,1,1
17,16,1,1,0,5,0
17,17,15,1,0,1,0
17,18,8,1,1,1,1
17,19,7,1,0,5,1
17,20,13,1,0,1,1
17,21,15,1,0,3,1
17,22,1,1,0,1,0
17,23,2,1,0,5,1
17,24,6,1,0,2,0
17,25,3,1,0,1,1
17,26,11,1,0,1,0
17,27,9,1,0,2,1
17,28,8,1,1,1,1
17,29,1,1,0,4,0
17,30,2,1,0,5,1
17,31,12,1,0,2,0
17,32,14,1,0,2,1
17,33,12,1,0,5,1
17,34,5,1,0,3,1
17,35,4,1,0,2,1
17,36,9,1,0,2,1
17,37,11,1,1,1,0
17,38,14,1,0,2,1
17,39,4,1,0,2,1
17,40,15,1,0,3,1
17,41,14,1,0,3,0
17,42,6,1,0,4,0
17,43,13,1,0,3,0
17,44,10,1,1,3,1
17,45,9,1,0,2,1
17,1,8,2,0,1,1
17,2,1,2,1,4,0
17,3,4,2,1,2,1
17,4,5,2,1,3,1
17,5,13,2,0,1,1
17,6,10,2,0,1,0
17,7,11,2,1,2,0
17,8,5,2,1,3,1
17,9,4,2,0,2,1
17,10,15,2,1,3,1
17,11,1,2,1,4,0
17,12,8,2,1,1,1
17,13,3,2,0,1,1
17,14,6,2,0,5,0
17,15,2,2,0,5,1
17,16,11,2,1,1,0
17,17,13,2,0,2,0
17,18,4,2,1,2,1
17,19,3,2,0,1,1
17,20,14,2,0,2,1
17,21,1,2,0,2,0
17,22,7,2,0,5,1
17,23,2,2,0,5,1
17,24,13,2,0,1,1
17,25,9,2,0,2,1
17,26,12,2,0,2,0
17,27,7,2,1,5,1
17,28,12,2,0,5,1
17,29,7,2,1,5,1
17,30,11,2,1,3,0
17,31,5,2,1,3,1
17,32,9,2,1,2,1
17,33,14,2,0,4,0
17,34,12,2,1,5,1
17,35,9,2,1,2,1
17,36,14,2,0,2,1
17,37,6,2,1,1,0
17,38,15,2,0,1,0
17,39,2,2,0,5,1
17,40,6,2,0,4,0
17,41,10,2,1,3,1
17,42,15,2,1,3,1
17,43,8,2,1,1,1
17,44,3,2,0,1,1
17,45,10,2,1,3,1
17,1,11,3,0,4,0
17,2,5,3,0,3,1
17,3,6,3,0,4,0
17,4,15,3,0,1,0
17,5,2,3,1,5,1
17,6,5,3,1,3,1
17,7,7,3,1,5,1
17,8,3,3,1,1,1
17,9,2,3,0,5,1
17,10,12,3,0,5,1
17,11,14,3,1,2,1
17,12,1,3,1,2,0
17,13,7,3,1,5,1
17,14,2,3,1,5,1
17,15,8,3,1,1,1
17,16,1,3,0,5,0
17,17,12,3,1,3,0
17,18,13,3,0,3,0
17,19,4,3,1,2,1
17,20,13,3,1,1,1
17,21,4,3,1,2,1
17,22,12,3,1,5,1
17,23,14,3,1,2,1
17,24,9,3,0,2,1
17,25,1,3,1,5,0
17,26,10,3,1,3,1
17,27,15,3,1,3,1
17,28,9,3,1,2,1
17,29,15,3,1,3,1
17,30,11,3,1,1,0
17,31,4,3,1,2,1
17,32,9,3,1,2,1
17,33,8,3,1,1,1
17,34,13,3,0,1,1
17,35,10,3,1,3,1
17,36,6,3,0,4,0
17,37,7,3,1,5,1
17,38,3,3,1,1,1
17,39,10,3,0,2,0
17,40,3,3,1,1,1
17,41,5,3,1,3,1
17,42,8,3,1,1,1
17,43,11,3,1,2,0
17,44,14,3,0,4,0
17,45,6,3,0,2,0
18,1,1,1,1,5,0
18,2,11,1,0,4,0
18,3,12,1,0,2,1
18,4,14,1,0,5,1
18,5,10,1,0,3,0
18,6,13,1,0,1,1
18,7,4,1,0,5,1
18,8,6,1,0,4,0
18,9,5,1,0,4,1
18,10,9,1,0,5,1
18,11,11,1,0,2,0
18,12,4,1,0,5,1
18,13,10,1,0,4,1
18,14,2,1,0,2,1
18,15,7,1,0,2,1
18,16,1,1,0,3,0
18,17,2,1,1,2,1
18,18,12,1,0,2,1
18,19,9,1,1,5,1
18,20,8,1,0,1,1
18,21,14,1,1,5,1
18,22,5,1,0,4,1
18,23,4,1,0,5,1
18,24,1,1,0,4,0
18,25,7,1,1,2,1
18,26,12,1,0,4,0
18,27,8,1,0,1,1
18,28,15,1,0,4,1
18,29,3,1,0,1,1
18,30,14,1,0,4,0
18,31,10,1,0,4,1
18,32,15,1,0,4,1
18,33,3,1,1,1,1
18,34,15,1,1,2,0
18,35,13,1,0,1,1
18,36,9,1,0,5,1
18,37,8,1,0,1,1
18,38,2,1,0,2,1
18,39,11,1,0,5,0
18,40,6,1,1,3,0
18,41,5,1,1,4,1
18,42,3,1,0,1,1
18,43,6,1,0,2,0
18,44,7,1,1,2,1
18,45,13,1,0,4,0
18,1,7,2,0,2,1
18,2,9,2,0,5,1
18,3,11,2,1,2,0
18,4,4,2,0,5,1
18,5,6,2,0,1,0
18,6,4,2,1,5,1
18,7,7,2,0,2,1
18,8,1,2,0,5,0
18,9,12,2,0,2,1
18,10,11,2,1,1,0
18,11,8,2,0,1,1
18,12,15,2,0,4,1
18,13,1,2,0,2,0
18,14,14,2,1,1,0
18,15,9,2,0,5,1
18,16,2,2,0,2,1
18,17,6,2,1,1,0
18,18,3,2,0,1,1
18,19,5,2,0,4,1
18,20,14,2,0,5,1
18,21,15,2,0,4,1
18,22,7,2,1,2,1
18,23,5,2,0,4,1
18,24,8,2,0,1,1
18,25,15,2,0,3,0
18,26,3,2,1,1,1
18,27,10,2,0,4,1
18,28,12,2,1,2,1
18,29,9,2,0,5,1
18,30,4,2,0,5,1
18,31,6,2,1,1,0
18,32,1,2,0,4,0
18,33,10,2,0,4,1
18,34,2,2,1,2,1
18,35,13,2,0,5,0
18,36,14,2,0,5,1
18,37,11,2,1,1,0
18,38,13,2,0,1,1
18,39,10,2,0,5,0
18,40,2,2,1,2,1
18,41,8,2,1,1,1
18,42,5,2,0,4,1
18,43,13,2,0,1,1
18,44,12,2,1,5,0
18,45,3,2,1,1,1
18,1,5,3,1,4,1
18,2,10,3,1,4,1
18,3,3,3,1,1,1
18,4,4,3,0,5,1
18,5,9,3,0,5,1
18,6,13,3,0,1,1
18,7,14,3,0,5,1
18,8,4,3,0,5,1
18,9,8,3,0,1,1
18,10,6,3,0,5,0
18,11,13,3,0,2,0
18,12,1,3,1,5,0
18,13,2,3,0,2,1
18,14,8,3,1,1,1
18,15,11,3,1,2,0
18,16,9,3,0,5,1
18,17,11,3,1,5,0
18,18,13,3,0,1,1
18,19,3,3,1,1,1
18,20,14,3,0,5,1
18,21,15,3,0,5,0
18,22,4,3,1,5,1
18,23,5,3,0,4,1
18,24,1,3,1,3,0
18,25,3,3,1,1,1
18,26,10,3,1,4,1
18,27,11,3,1,1,0
18,28,9,3,1,5,1
18,29,12,3,0,2,1
18,30,6,3,0,2,0
18,31,8,3,0,1,1
18,32,7,3,0,2,1
18,33,15,3,0,4,1
18,34,14,3,0,4,0
18,35,2,3,1,2,1
18,36,1,3,0,2,0
18,37,12,3,0,2,1
18,38,5,3,0,4,1
18,39,7,3,1,2,1
18,40,2,3,1,2,1
18,41,12,3,1,1,0
18,42,10,3,1,2,0
18,43,15,3,0,4,1
18,44,6,3,1,3,0
18,45,7,3,1,2,1
18,1,15,4,1,4,1
18,2,9,4,1,5,1
18,3,12,4,0,4,0
18,4,10,4,1,5,0
18,5,3,4,1,1,1
18,6,1,4,0,5,0
18,7,6,4,1,4,0
18,8,7,4,1,2,1
18,9,13,4,1,1,1
18,10,4,4,0,5,1
18,11,5,4,0,4,1
18,12,15,4,1,4,1
18,13,10,4,1,4,1
18,14,1,4,0,2,0
18,15,12,4,1,2,1
18,16,2,4,1,2,1
18,17,15,4,0,3,0
18,18,14,4,1,5,1
18,19,12,4,1,2,1
18,20,8,4,1,1,1
18,21,6,4,1,1,0
18,22,3,4,1,1,1
18,23,2,4,1,2,1
18,24,9,4,0,5,1
18,25,11,4,0,5,0
18,26,9,4,1,5,1
18,27,13,4,1,1,1
18,28,14,4,1,5,1
18,29,4,4,0,5,1
18,30,1,4,0,5,0
18,31,2,4,1,2,1
18,32,5,4,0,4,1
18,33,13,4,1,4,0
18,34,3,4,1,1,1
18,35,14,4,0,4,0
18,36,8,4,1,1,1
18,37,11,4,0,4,0
18,38,6,4,1,1,0
18,39,5,4,0,4,1
18,40,10,4,1,4,1
18,41,7,4,1,2,1
18,42,8,4,1,1,1
18,43,4,4,0,5,1
18,44,7,4,1,2,1
18,45,11,4,1,1,0
19,1,7,1,0,2,1
19,2,14,1,1,5,1
19,3,10,1,0,1,0
19,4,9,1,0,5,1
19,5,12,1,0,2,1
19,6,9,1,1,5,1
19,7,6,1,0,4,0
19,8,3,1,0,4,1
19,9,11,1,0,2,0
19,10,2,1,0,2,1
19,11,3,1,1,4,1
19,12,5,1,0,3,1
19,13,15,1,1,4,0
19,14,5,1,1,3,1
19,15,4,1,0,5,1
19,16,13,1,1,1,0
19,17,12,1,0,5,0
19,18,9,1,1,5,1
19,19,10,1,0,3,1
19,20,8,1,1,4,1
19,21,14,1,0,2,0
19,22,2,1,1,2,1
19,23,11,1,0,3,0
19,24,10,1,0,3,1
19,25,4,1,0,5,1
19,26,6,1,0,3,0
19,27,7,1,0,2,1
19,28,3,1,0,4,1
19,29,15,1,0,3,1
19,30,2,1,0,2,1
19,31,1,1,0,5,0
19,32,15,1,1,3,1
19,33,7,1,1,2,1
19,34,13,1,1,4,1
19,35,11,1,1,1,0
19,36,13,1,1,4,1
19,37,1,1,1,5,0
19,38,8,1,0,4,1
19,39,5,1,1,3,1
19,40,8,1,1,4,1
19,41,14,1,0,5,1
19,42,4,1,0,5,1
19,43,12,1,0,2,1
19,44,1,1,0,1,0
19,45,6,1,0,2,0
19,1,6,2,0,1,0
19,2,4,2,1,5,1
19,3,5,2,1,3,1
19,4,8,2,1,4,1
19,5,2,2,1,2,1
19,6,1,2,0,4,0
19,7,9,2,0,5,1
19,8,6,2,0,3,0
19,9,7,2,1,2,1
19,10,10,2,0,4,0
19,11,5,2,1,3,1
19,12,2,2,1,2,1
19,13,7,2,1,2,1
19,14,6,2,0,1,0
19,15,11,2,0,4,0
19,16,15,2,1,3,1
19,17,8,2,1,4,1
19,18,15,2,1,3,1
19,19,4,2,1,5,1
19,20,10,2,0,3,1
19,21,9,2,1,5,1
19,22,15,2,1,4,0
19,23,12,2,0,2,1
19,24,13,2,0,4,1
19,25,9,2,1,5,1
19,26,3,2,1,4,1
19,27,4,2,1,5,1
19,28,11,2,0,4,0
19,29,13,2,1,4,1
19,30,14,2,1,1,0
19,31,2,2,1,2,1
19,32,12,2,1,2,1
19,33,1,2,1,5,0
19,34,11,2,0,2,0
19,35,3,2,1,4,1
19,36,14,2,0,5,1
19,37,5,2,1,3,1
19,38,7,2,1,2,1
19,39,12,2,0,3,0
19,40,8,2,1,4,1
19,41,1,2,0,1,0
19,42,14,2,1,5,1
19,43,3,2,1,4,1
19,44,13,2,0,5,0
19,45,10,2,1,3,1
19,1,7,3,1,2,1
19,2,5,3,1,3,1
19,3,11,3,0,5,0
19,4,8,3,1,4,1
19,5,7,3,1,2,1
19,6,2,3,1,2,1
19,7,3,3,1,4,1
19,8,2,3,1,2,1
19,9,11,3,1,4,0
19,10,6,3,1,1,0
19,11,9,3,0,5,1
19,12,1,3,0,2,0
19,13,13,3,0,3,0
19,14,6,3,1,4,0
19,15,10,3,1,3,1
19,16,15,3,1,3,1
19,17,12,3,1,2,1
19,18,4,3,1,5,1
19,19,3,3,1,4,1
19,20,15,3,1,3,1
19,21,8,3,1,4,1
19,22,15,3,0,5,0
19,23,6,3,0,3,0
19,24,1,3,1,2,0
19,25,11,3,1,1,0
19,26,4,3,1,5,1
19,27,7,3,1,2,1
19,28,12,3,1,2,1
19,29,5,3,1,3,1
19,30,10,3,1,3,1
19,31,13,3,1,4,1
19,32,14,3,1,5,1
19,33,3,3,1,4,1
19,34,9,3,1,5,1
19,35,14,3,1,5,1
19,36,2,3,1,2,1
19,37,9,3,1,5,1
19,38,14,3,1,2,0
19,39,12,3,1,4,0
19,40,8,3,1,4,1
19,41,13,3,1,4,1
19,42,10,3,1,5,0
19,43,5,3,1,3,1
19,44,4,3,1,5,1
19,45,1,3,1,1,0
20,1,15,1,0,4,1
20,2,1,1,0,5,0
20,3,11,1,1,4,0
20,4,2,1,0,1,1
20,5,13,1,0,2,0
20,6,9,1,0,5,1
20,7,4,1,1,5,1
20,8,11,1,1,1,0
20,9,15,1,1,1,0
20,10,3,1,0,3,1
20,11,8,1,0,3,1
20,12,15,1,0,4,1
20,13,7,1,0,1,1
20,14,1,1,1,1,0
20,15,5,1,0,4,1
20,16,4,1,0,5,1
20,17,2,1,0,1,1
20,18,12,1,1,1,1
20,19,5,1,0,4,1
20,20,6,1,0,4,0
20,21,7,1,0,1,1
20,22,3,1,0,3,1
20,23,9,1,0,5,1
20,24,3,1,0,3,1
20,25,14,1,0,5,1
20,26,13,1,0,3,1
20,27,10,1,0,4,1
20,28,9,1,1,5,1
20,29,6,1,0,2,0
20,30,8,1,0,3,1
20,31,12,1,0,4,0
20,32,13,1,0,3,1
20,33,12,1,0,1,1
20,34,14,1,0,1,0
20,35,2,1,0,1,1
20,36,8,1,0,3,1
20,37,1,1,0,3,0
20,38,10,1,0,5,0
20,39,11,1,0,3,0
20,40,4,1,0,5,1
20,41,7,1,1,1,1
20,42,10,1,1,4,1
20,43,5,1,0,4,1
20,44,6,1,0,1,0
20,45,14,1,0,5,1
20,1,13,2,0,3,1
20,2,5,2,0,4,1
20,3,4,2,0,5,1
20,4,7,2,0,1,1
20,5,10,2,0,2,0
20,6,4,2,1,5,1
20,7,6,2,0,3,0
20,8,14,2,1,5,1
20,9,7,2,1,1,1
20,10,2,2,0,1,1
20,11,6,2,1,1,0
20,12,8,2,0,3,1
20,13,12,2,1,3,0
20,14,6,2,0,2,0
20,15,3,2,0,3,1
20,16,11,2,0,4,0
20,17,14,2,0,2,0
20,18,12,2,0,1,1
20,19,5,2,0,4,1
20,20,7,2,0,1,1
20,21,15,2,0,5,0
20,22,1,2,0,5,0
20,23,4,2,1,5,1
20,24,10,2,1,4,1
20,25,11,2,1,3,0
20,26,9,2,0,5,1
20,27,1,2,1,1,0
20,28,15,2,1,4,1
20,29,2,2,0,1,1
20,30,12,2,0,1,1
20,31,13,2,1,5,0
20,32,3,2,1,3,1
20,33,8,2,0,3,1
20,34,11,2,0,4,0
20,35,10,2,1,4,1
20,36,13,2,0,3,1
20,37,2,2,1,1,1
20,38,8,2,1,3,1
20,39,9,2,0,5,1
20,40,3,2,0,3,1
20,41,9,2,1,5,1
20,42,15,2,1,4,1
20,43,14,2,0,5,1
20,44,5,2,0,4,1
20,45,1,2,0,2,0
20,1,8,3,1,3,1
20,2,1,3,1,2,0
20,3,5,3,0,4,1
20,4,9,3,1,5,1
20,5,2,3,1,1,1
20,6,11,3,0,5,0
20,7,5,3,0,4,1
20,8,13,3,1,3,1
20,9,4,3,1,5,1
20,10,6,3,0,4,0
20,11,3,3,1,3,1
20,12,10,3,0,4,1
20,13,11,3,0,3,0
20,14,4,3,1,5,1
20,15,3,3,1,3,1
20,16,15,3,1,4,1
20,17,13,3,0,2,0
20,18,7,3,0,1,1
20,19,13,3,1,3,1
20,20,6,3,1,3,0
20,21,12,3,0,1,1
20,22,14,3,0,5,1
20,23,15,3,1,4,1
20,24,10,3,1,2,0
20,25,14,3,1,5,1
20,26,2,3,1,1,1
20,27,12,3,1,1,1
20,28,8,3,1,3,1
20,29,3,3,1,3,1
20,30,6,3,0,5,0
20,31,10,3,1,4,1
20,32,5,3,0,4,1
20,33,14,3,0,2,0
20,34,8,3,1,3,1
20,35,12,3,1,4,0
20,36,11,3,0,4,0
20,37,7,3,0,1,1
20,38,15,3,0,5,0
20,39,4,3,1,5,1
20,40,9,3,0,5,1
20,41,1,3,1,2,0
20,42,2,3,1,1,1
20,43,7,3,1,1,1
20,44,9,3,0,5,1
20,45,1,3,1,1,0
20,1,7,4,1,1,1
20,2,8,4,1,3,1
20,3,3,4,1,3,1
20,4,4,4,1,5,1
20,5,11,4,0,1,0
20,6,2,4,1,1,1
20,7,14,4,1,3,0
20,8,6,4,0,5,0
20,9,2,4,1,1,1
20,10,5,4,0,4,1
20,11,7,4,1,1,1
20,12,4,4,1,5,1
20,13,10,4,1,4,1
20,14,9,4,1,5,1
20,15,15,4,1,4,1
20,16,12,4,0,1,1
20,17,1,4,0,5,0
20,18,15,4,1,3,0
20,19,12,4,0,1,1
20,20,6,4,1,3,0
20,21,11,4,1,5,0
20,22,2,4,1,1,1
20,23,5,4,0,4,1
20,24,13,4,1,3,1
20,25,1,4,1,3,0
20,26,7,4,1,1,1
20,27,4,4,1,5,1
20,28,3,4,1,3,1
20,29,12,4,0,2,0
20,30,9,4,1,5,1
20,31,11,4,1,1,0
20,32,10,4,1,4,1
20,33,13,4,1,3,1
20,34,15,4,1,4,1
20,35,14,4,1,5,1
20,36,6,4,1,3,0
20,37,14,4,1,5,1
20,38,9,4,1,5,1
20,39,5,4,1,4,1
20,40,1,4,1,2,0
20,41,3,4,1,3,1
20,42,10,4,0,3,0
20,43,8,4,1,3,1
20,44,13,4,1,5,0
20,45,8,4,1,3,1
21,1,14,1,1,2,0
21,2,15,1,1,3,1
21,3,3,1,0,5,1
21,4,12,1,1,4,0
21,5,9,1,0,4,1
21,6,7,1,0,2,1
21,7,9,1,0,4,1
21,8,6,1,0,2,0
21,9,11,1,0,1,0
21,10,4,1,1,4,1
21,11,3,1,0,5,1
21,12,1,1,0,1,0
21,13,4,1,0,4,1
21,14,12,1,0,2,1
21,15,1,1,0,4,0
21,16,2,1,0,2,1
21,17,13,1,0,5,1
21,18,11,1,0,1,0
21,19,8,1,1,5,1
21,20,15,1,0,4,0
21,21,10,1,1,3,1
21,22,2,1,0,2,1
21,23,4,1,1,4,1
21,24,10,1,1,3,1
21,25,5,1,0,3,1
21,26,10,1,1,1,0
21,27,7,1,1,2,1
21,28,15,1,0,3,1
21,29,1,1,1,4,0
21,30,3,1,0,5,1
21,31,6,1,0,1,0
21,32,12,1,0,2,1
21,33,14,1,0,4,1
21,34,6,1,1,1,0
21,35,5,1,1,3,1
21,36,11,1,0,5,0
21,37,8,1,0,5,1
21,38,13,1,0,5,1
21,39,9,1,1,4,1
21,40,13,1,1,4,0
21,41,14,1,0,4,1
21,42,8,1,0,5,1
21,43,2,1,0,2,1
21,44,5,1,1,3,1
21,45,7,1,1,2,1
21,1,5,2,1,3,1
21,2,11,2,0,4,0
21,3,1,2,0,5,0
21,4,10,2,1,3,1
21,5,6,2,0,3,0
21,6,14,2,1,4,1
21,7,12,2,0,2,1
21,8,13,2,0,2,0
21,9,3,2,0,5,1
21,10,12,2,0,2,1
21,11,9,2,1,4,1
21,12,15,2,0,3,1
21,13,1,2,0,5,0
21,14,7,2,0,2,1
21,15,8,2,0,5,1
21,16,9,2,1,4,1
21,17,11,2,0,5,0
21,18,9,2,1,4,1
21,19,15,2,1,3,1
21,20,8,2,1,5,1
21,21,12,2,0,5,0
21,22,2,2,1,2,1
21,23,10,2,0,5,0
21,24,15,2,0,4,0
21,25,7,2,1,2,1
21,26,13,2,1,5,1
21,27,10,2,1,3,1
21,28,2,2,1,2,1
21,29,5,2,1,3,1
21,30,6,2,0,4,0
21,31,7,2,1,2,1
21,32,2,2,1,2,1
21,33,5,2,1,3,1
21,34,14,2,0,4,1
21,35,4,2,1,4,1
21,36,14,2,1,1,0
21,37,3,2,1,5,1
21,38,6,2,1,4,0
21,39,13,2,0,5,1
21,40,8,2,1,5,1
21,41,11,2,1,4,0
21,42,4,2,1,4,1
21,43,1,2,0,1,0
21,44,4,2,1,4,1
21,45,3,2,1,5,1
21,1,2,3,1,2,1
21,2,1,3,1,5,0
21,3,6,3,1,3,0
21,4,12,3,0,4,0
21,5,14,3,0,4,1
21,6,3,3,1,5,1
21,7,7,3,1,2,1
21,8,11,3,0,2,0
21,9,5,3,1,3,1
21,10,7,3,1,2,1
21,11,4,3,0,4,1
21,12,13,3,0,5,1
21,13,4,3,0,4,1
21,14,9,3,1,4,1
21,15,1,3,0,4,0
21,16,8,3,1,5,1
21,17,10,3,0,4,0
21,18,6,3,0,2,0
21,19,14,3,1,2,0
21,20,7,3,1,2,1
21,21,9,3,1,4,1
21,22,11,3,1,4,0
21,23,10,3,1,3,1
21,24,9,3,1,4,1
21,25,14,3,1,4,1
21,26,2,3,1,2,1
21,27,15,3,0,5,0
21,28,13,3,1,5,1
21,29,4,3,0,4,1
21,30,5,3,1,3,1
21,31,3,3,0,5,1
21,32,5,3,1,3,1
21,33,13,3,0,3,0
21,34,3,3,1,5,1
21,35,6,3,1,2,0
21,36,10,3,1,3,1
21,37,15,3,1,3,1
21,38,12,3,1,2,1
21,39,8,3,1,5,1
21,40,12,3,1,2,1
21,41,1,3,0,5,0
21,42,11,3,1,2,0
21,43,8,3,1,5,1
21,44,2,3,1,2,1
21,45,15,3,1,3,1
22,1,7,1,1,3,1
22,2,15,1,0,2,1
22,3,3,1,0,1,1
22,4,10,1,0,2,1
22,5,14,1,1,1,0
22,6,6,1,0,1,0
22,7,2,1,0,3,1
22,8,11,1,1,3,0
22,9,4,1,0,4,1
22,10,5,1,0,2,1
22,11,12,1,1,3,1
22,12,7,1,1,3,1
22,13,3,1,1,1,1
22,14,5,1,0,2,1
22,15,9,1,0,4,1
22,16,10,1,0,2,1
22,17,8,1,0,1,1
22,18,11,1,0,5,0
22,19,4,1,0,4,1
22,20,5,1,1,2,1
22,21,15,1,0,2,1
22,22,2,1,1,3,1
22,23,1,1,0,3,0
22,24,12,1,0,4,0
22,25,13,1,0,1,1
22,26,8,1,0,1,1
22,27,9,1,0,4,1
22,28,10,1,1,1,0
22,29,15,1,0,1,0
22,30,14,1,0,4,1
22,31,1,1,0,1,0
22,32,7,1,1,3,1
22,33,3,1,0,1,1
22,34,14,1,1,4,1
22,35,13,1,1,4,0
22,36,6,1,1,4,0
22,37,1,1,0,2,0
22,38,13,1,0,1,1
22,39,12,1,0,3,1
22,40,9,1,1,4,1
22,41,11,1,0,2,0
22,42,8,1,1,1,1
22,43,4,1,1,4,1
22,44,6,1,0,1,0
22,45,2,1,0,3,1
22,1,15,2,1,2,1
22,2,5,2,1,2,1
22,3,3,2,1,1,1
22,4,10,2,0,2,1
22,5,8,2,1,1,1
22,6,14,2,1,4,1
22,7,15,2,0,3,0
22,8,2,2,1,3,1
22,9,6,2,1,5,0
22,10,15,2,1,2,1
22,11,12,2,1,3,1
22,12,11,2,0,3,0
22,13,13,2,0,4,0
22,14,14,2,0,1,0
22,15,8,2,1,1,1
22,16,11,2,1,5,0
22,17,10,2,0,2,1
22,18,1,2,0,4,0
22,19,12,2,0,2,0
22,20,6,2,0,3,0
22,21,7,2,1,3,1
22,22,1,2,0,1,0
22,23,10,2,0,3,0
22,24,1,2,0,1,0
22,25,2,2,0,3,1
22,26,9,2,1,4,1
22,27,7,2,1,3,1
22,28,4,2,1,4,1
22,29,12,2,0,3,1
22,30,4,2,1,4,1
22,31,6,2,1,5,0
22,32,9,2,1,4,1
22,33,3,2,1,1,1
22,34,11,2,0,5,0
22,35,13,2,0,1,1
22,36,5,2,1,2,1
22,37,14,2,1,4,1
22,38,7,2,1,3,1
22,39,8,2,1,1,1
22,40,13,2,0,1,1
22,41,5,2,1,2,1
22,42,2,2,0,3,1
22,43,4,2,1,4,1
22,44,3,2,1,1,1
22,45,9,2,0,4,1
22,1,5,3,1,2,1
22,2,6,3,1,5,0
22,3,11,3,1,1,0
22,4,14,3,0,1,0
22,5,3,3,1,1,1
22,6,2,3,1,3,1
22,7,11,3,0,3,0
22,8,4,3,1,4,1
22,9,10,3,1,2,1
22,10,9,3,1,4,1
22,11,11,3,0,2,0
22,12,7,3,1,3,1
22,13,13,3,0,1,1
22,14,8,3,1,1,1
22,15,12,3,0,4,0
22,16,4,3,1,4,1
22,17,5,3,1,2,1
22,18,3,3,1,1,1
22,19,6,3,0,4,0
22,20,10,3,0,4,0
22,21,14,3,1,4,1
22,22,15,3,0,2,1
22,23,13,3,1,2,0
22,24,2,3,1,3,1
22,25,3,3,1,1,1
22,26,13,3,1,1,1
22,27,2,3,1,3,1
22,28,14,3,0,4,1
22,29,7,3,1,3,1
22,30,6,3,0,3,0
22,31,1,3,0,1,0
22,32,15,3,0,1,0
22,33,5,3,1,2,1
22,34,10,3,0,2,1
22,35,1,3,0,4,0
22,36,8,3,1,1,1
22,37,9,3,1,4,1
22,38,1,3,0,4,0
22,39,8,3,1,1,1
22,40,15,3,1,2,1
22,41,12,3,0,3,1
22,42,9,3,1,4,1
22,43,12,3,1,3,1
22,44,7,3,1,3,1
22,45,4,3,1,4,1
22,1,2,4,0,3,1
22,2,1,4,1,1,0
22,3,8,4,1,1,1
22,4,15,4,0,4,0
22,5,3,4,1,1,1
22,6,13,4,1,1,1
22,7,5,4,1,2,1
22,8,10,4,1,2,1
22,9,4,4,1,4,1
22,10,12,4,0,5,0
22,11,5,4,1,2,1
22,12,11,4,0,5,0
22,13,3,4,1,1,1
22,14,9,4,1,4,1
22,15,11,4,1,1,0
22,16,13,4,1,1,1
22,17,1,4,0,3,0
22,18,12,4,0,3,1
22,19,9,4,1,4,1
22,20,6,4,0,2,0
22,21,7,4,1,3,1
22,22,14,4,1,4,1
22,23,7,4,1,3,1
22,24,14,4,0,1,0
22,25,9,4,1,4,1
22,26,2,4,1,3,1
22,27,1,4,0,3,0
22,28,5,4,1,2,1
22,29,4,4,1,4,1
22,30,2,4,1,3,1
22,31,6,4,0,3,0
22,32,4,4,1,4,1
22,33,12,4,0,3,1
22,34,6,4,0,4,0
22,35,15,4,0,2,1
22,36,8,4,0,1,1
22,37,14,4,1,4,1
22,38,13,4,0,5,0
22,39,15,4,1,2,1
22,40,7,4,1,3,1
22,41,3,4,1,1,1
22,42,10,4,0,2,1
22,43,11,4,1,1,0
22,44,8,4,1,1,1
22,45,10,4,0,5,0
22,1,9,5,0,4,1
22,2,7,5,1,3,1
22,3,9,5,1,4,1
22,4,4,5,1,4,1
22,5,7,5,1,3,1
22,6,3,5,1,1,1
22,7,2,5,1,3,1
22,8,14,5,0,2,0
22,9,6,5,0,1,0
22,10,2,5,1,3,1
22,11,10,5,1,4,0
22,12,14,5,1,4,1
22,13,9,5,1,4,1
22,14,12,5,1,4,0
22,15,1,5,0,3,0
22,16,3,5,1,1,1
22,17,5,5,1,2,1
22,18,15,5,0,4,0
22,19,13,5,1,1,1
22,20,4,5,1,4,1
22,21,12,5,0,3,1
22,22,1,5,0,5,0
22,23,8,5,1,1,1
22,24,12,5,1,3,1
22,25,5,5,1,2,1
22,26,7,5,1,3,1
22,27,5,5,0,2,1
22,28,11,5,1,3,0
22,29,1,5,0,2,0
22,30,13,5,0,1,1
22,31,4,5,1,4,1
22,32,6,5,0,4,0
22,33,15,5,1,2,1
22,34,10,5,1,2,1
22,35,11,5,0,4,0
22,36,14,5,1,4,1
22,37,2,5,1,3,1
22,38,10,5,0,2,1
22,39,11,5,0,3,0
22,40,13,5,0,4,0
22,41,8,5,1,1,1
22,42,6,5,0,4,0
22,43,3,5,1,1,1
22,44,15,5,1,2,1
22,45,8,5,1,1,1
23,1,14,1,0,3,0
23,2,10,1,0,2,0
23,3,11,1,1,2,0
23,4,12,1,0,4,1
23,5,4,1,1,1,1
23,6,8,1,0,5,1
23,7,3,1,0,5,1
23,8,7,1,0,4,1
23,9,6,1,0,2,0
23,10,13,1,0,2,0
23,11,3,1,0,5,1
23,12,10,1,0,3,1
23,13,11,1,0,1,0
23,14,9,1,0,1,1
23,15,6,1,1,2,0
23,16,8,1,0,5,1
23,17,1,1,0,3,0
23,18,15,1,0,1,0
23,19,1,1,0,5,0
23,20,7,1,0,4,1
23,21,12,1,0,4,1
23,22,13,1,1,5,1
23,23,2,1,0,4,1
23,24,4,1,1,1,1
23,25,15,1,0,3,1
23,26,11,1,0,4,0
23,27,5,1,0,3,1
23,28,14,1,0,1,1
23,29,7,1,0,4,1
23,30,8,1,0,5,1
23,31,6,1,0,3,0
23,32,5,1,0,3,1
23,33,10,1,0,3,1
23,34,14,1,0,1,1
23,35,9,1,0,1,1
23,36,15,1,1,3,1
23,37,1,1,1,2,0
23,38,9,1,0,1,1
23,39,2,1,0,4,1
23,40,4,1,1,1,1
23,41,12,1,0,3,0
23,42,5,1,0,3,1
23,43,13,1,0,5,1
23,44,3,1,0,5,1
23,45,2,1,0,4,1
23,1,3,2,1,5,1
23,2,10,2,0,5,0
23,3,13,2,0,1,0
23,4,11,2,0,1,0
23,5,1,2,0,2,0
23,6,5,2,1,3,1
23,7,11,2,0,3,0
23,8,6,2,0,1,0
23,9,10,2,0,3,1
23,10,2,2,0,4,1
23,11,7,2,1,4,1
23,12,15,2,0,3,1
23,13,4,2,1,1,1
23,14,8,2,0,5,1
23,15,11,2,0,2,0
23,16,3,2,0,5,1
23,17,10,2,1,3,1
23,18,13,2,1,5,1
23,19,12,2,1,4,1
23,20,7,2,1,4,1
23,21,15,2,0,5,0
23,22,12,2,0,4,1
23,23,1,2,1,1,0
23,24,4,2,1,1,1
23,25,8,2,0,5,1
23,26,6,2,0,5,0
23,27,9,2,1,1,1
23,28,3,2,0,5,1
23,29,9,2,1,1,1
23,30,14,2,0,1,1
23,31,2,2,0,4,1
23,32,6,2,1,4,0
23,33,9,2,1,1,1
23,34,14,2,0,5,0
23,35,8,2,0,5,1
23,36,5,2,0,3,1
23,37,14,2,1,1,1
23,38,2,2,1,4,1
23,39,1,2,0,4,0
23,40,13,2,0,5,1
23,41,12,2,0,2,0
23,42,4,2,1,1,1
23,43,5,2,1,3,1
23,44,15,2,1,3,1
23,45,7,2,0,4,1
23,1,13,3,1,5,1
23,2,1,3,0,3,0
23,3,6,3,0,2,0
23,4,11,3,1,1,0
23,5,9,3,1,1,1
23,6,12,3,0,4,1
23,7,4,3,1,1,1
23,8,14,3,0,1,1
23,9,10,3,0,3,1
23,10,14,3,0,3,0
23,11,4,3,1,1,1
23,12,13,3,0,3,0
23,13,1,3,0,5,0
23,14,15,3,0,3,1
23,15,3,3,1,5,1
23,16,6,3,0,4,0
23,17,8,3,1,5,1
23,18,10,3,1,3,1
23,19,9,3,1,1,1
23,20,3,3,0,5,1
23,21,9,3,1,1,1
23,22,7,3,0,4,1
23,23,8,3,1,5,1
23,24,1,3,0,4,0
23,25,14,3,1,1,1
23,26,12,3,0,4,1
23,27,4,3,1,1,1
23,28,5,3,0,3,1
23,29,15,3,1,3,1
23,30,3,3,1,5,1
23,31,6,3,0,4,0
23,32,5,3,1,3,1
23,33,13,3,1,5,1
23,34,11,3,0,4,0
23,35,2,3,0,4,1
23,36,12,3,1,1,0
23,37,10,3,0,5,0
23,38,7,3,1,4,1
23,39,8,3,0,5,1
23,40,15,3,0,1,0
23,41,5,3,1,3,1
23,42,2,3,1,4,1
23,43,7,3,0,4,1
23,44,2,3,1,4,1
23,45,11,3,0,5,0
23,1,15,4,0,3,1
23,2,14,4,1,1,1
23,3,7,4,1,4,1
23,4,1,4,1,2,0
23,5,5,4,1,3,1
23,6,7,4,1,4,1
23,7,9,4,1,1,1
23,8,2,4,1,4,1
23,9,3,4,1,5,1
23,10,10,4,1,5,0
23,11,13,4,0,5,1
23,12,2,4,1,4,1
23,13,4,4,1,1,1
23,14,11,4,1,4,0
23,15,13,4,0,4,0
23,16,11,4,1,4,0
23,17,9,4,1,1,1
23,18,1,4,1,2,0
23,19,8,4,0,5,1
23,20,11,4,1,5,0
23,21,3,4,1,5,1
23,22,14,4,1,1,1
23,23,4,4,1,1,1
23,24,5,4,1,3,1
23,25,13,4,1,5,1
23,26,10,4,1,3,1
23,27,1,4,1,3,0
23,28,14,4,0,2,0
23,29,6,4,0,1,0
23,30,4,4,1,1,1
23,31,12,4,1,4,1
23,32,8,4,1,5,1
23,33,2,4,1,4,1
23,34,9,4,1,1,1
23,35,8,4,1,5,1
23,36,10,4,1,3,1
23,37,6,4,0,2,0
23,38,5,4,1,3,1
23,39,12,4,1,4,1
23,40,3,4,1,5,1
23,41,15,4,0,3,1
23,42,12,4,1,2,0
23,43,7,4,1,4,1
23,44,6,4,0,3,0
23,45,15,4,0,4,0
24,1,1,1,0,3,0
24,2,7,1,0,5,1
24,3,15,1,0,3,1
24,4,9,1,0,2,1
24,5,8,1,0,1,1
24,6,1,1,0,2,0
24,7,10,1,0,3,1
24,8,13,1,0,1,1
24,9,14,1,0,2,1
24,10,11,1,1,2,0
24,11,13,1,1,4,0
24,12,6,1,1,4,0
24,13,4,1,0,2,1
24,14,12,1,0,5,1
24,15,6,1,1,2,0
24,16,14,1,1,5,0
24,17,4,1,0,2,1
24,18,7,1,0,5,1
24,19,12,1,1,4,0
24,20,11,1,0,2,0
24,21,15,1,1,5,0
24,22,2,1,0,5,1
24,23,8,1,0,1,1
24,24,3,1,0,1,1
24,25,12,1,1,5,1
24,26,14,1,0,2,1
24,27,11,1,1,5,0
24,28,5,1,0,3,1
24,29,4,1,1,2,1
24,30,5,1,1,3,1
24,31,13,1,0,1,1
24,32,2,1,1,5,1
24,33,9,1,0,2,1
24,34,8,1,1,1,1
24,35,3,1,0,1,1
24,36,7,1,0,5,1
24,37,1,1,0,3,0
24,38,2,1,1,5,1
24,39,5,1,0,3,1
24,40,6,1,1,5,0
24,41,3,1,1,1,1
24,42,10,1,0,3,1
24,43,15,1,0,3,1
24,44,10,1,0,4,0
24,45,9,1,1,2,1
24,1,7,2,0,5,1
24,2,8,2,0,1,1
24,3,9,2,1,2,1
24,4,4,2,1,2,1
24,5,6,2,0,3,0
24,6,9,2,1,2,1
24,7,6,2,1,5,0
24,8,5,2,0,3,1
24,9,6,2,0,2,0
24,10,10,2,1,3,1
24,11,13,2,0,1,1
24,12,4,2,1,2,1
24,13,10,2,1,3,1
24,14,5,2,1,3,1
24,15,4,2,1,2,1
24,16,8,2,0,1,1
24,17,1,2,0,2,0
24,18,9,2,1,2,1
24,19,13,2,0,1,1
24,20,15,2,1,3,1
24,21,13,2,1,4,0
24,22,12,2,0,2,0
24,23,2,2,1,5,1
24,24,10,2,0,1,0
24,25,12,2,0,5,1
24,26,11,2,1,2,0
24,27,3,2,0,1,1
24,28,15,2,0,2,0
24,29,7,2,1,5,1
24,30,15,2,1,3,1
24,31,2,2,1,5,1
24,32,3,2,1,1,1
24,33,7,2,1,5,1
24,34,14,2,1,3,0
24,35,3,2,0,1,1
24,36,8,2,0,1,1
24,37,14,2,1,2,1
24,38,12,2,1,5,1
24,39,14,2,1,2,1
24,40,1,2,0,3,0
24,41,11,2,0,3,0
24,42,1,2,1,3,0
24,43,5,2,1,3,1
24,44,11,2,0,2,0
24,45,2,2,1,5,1
24,1,14,3,1,3,0
24,2,2,3,1,5,1
24,3,10,3,0,5,0
24,4,11,3,1,4,0
24,5,9,3,1,2,1
24,6,15,3,1,4,0
24,7,11,3,1,1,0
24,8,5,3,1,3,1
24,9,12,3,1,4,0
24,10,4,3,1,2,1
24,11,6,3,0,1,0
24,12,2,3,1,5,1
24,13,8,3,1,1,1
24,14,9,3,1,2,1
24,15,13,3,1,1,1
24,16,1,3,1,1,0
24,17,11,3,1,2,0
24,18,8,3,1,1,1
24,19,15,3,1,3,1
24,20,9,3,1,2,1
24,21,1,3,1,2,0
24,22,14,3,1,2,1
24,23,13,3,1,5,0
24,24,6,3,1,2,0
24,25,7,3,1,5,1
24,26,4,3,1,2,1
24,27,7,3,1,5,1
24,28,2,3,1,5,1
24,29,5,3,1,3,1
24,30,1,3,1,4,0
24,31,12,3,1,5,1
24,32,8,3,1,1,1
24,33,4,3,1,2,1
24,34,12,3,1,5,1
24,35,3,3,1,1,1
24,36,7,3,1,5,1
24,37,10,3,1,3,1
24,38,3,3,1,1,1
24,39,13,3,1,1,1
24,40,6,3,0,4,0
24,41,3,3,1,1,1
24,42,10,3,1,3,1
24,43,15,3,1,3,1
24,44,14,3,0,2,1
24,45,5,3,1,3,1
25,1,3,1,0,3,1
25,2,13,1,1,3,1
25,3,6,1,0,3,0
25,4,12,1,1,5,0
25,5,13,1,0,4,0
25,6,14,1,0,4,0
25,7,11,1,1,5,0
25,8,13,1,0,3,1
25,9,14,1,0,2,1
25,10,8,1,1,3,1
25,11,10,1,0,3,0
25,12,9,1,0,2,1
25,13,12,1,0,1,1
25,14,5,1,0,4,1
25,15,8,1,1,3,1
25,16,9,1,0,2,1
25,17,1,1,0,5,0
25,18,2,1,0,1,1
25,19,7,1,0,1,1
25,20,10,1,0,4,1
25,21,2,1,0,1,1
25,22,12,1,1,1,1
25,23,6,1,1,3,0
25,24,1,1,0,4,0
25,25,15,1,0,5,0
25,26,5,1,0,4,1
25,27,6,1,0,4,0
25,28,15,1,0,4,1
25,29,3,1,0,3,1
25,30,4,1,1,2,1
25,31,11,1,0,2,0
25,32,8,1,1,3,1
25,33,1,1,0,5,0
25,34,7,1,1,1,1
25,35,15,1,1,4,1
25,36,5,1,0,4,1
25,37,4,1,0,2,1
25,38,14,1,0,2,1
25,39,9,1,1,2,1
25,40,3,1,1,3,1
25,41,11,1,0,4,0
25,42,4,1,1,2,1
25,43,10,1,0,4,1
25,44,2,1,1,1,1
25,45,7,1,0,1,1
25,1,8,2,1,3,1
25,2,2,2,1,1,1
25,3,3,2,1,3,1
25,4,8,2,1,3,1
25,5,5,2,0,4,1
25,6,10,2,0,4,1
25,7,12,2,0,4,0
25,8,5,2,1,4,1
25,9,4,2,1,2,1
25,10,1,2,0,2,0
25,11,9,2,1,2,1
25,12,14,2,0,4,0
25,13,4,2,1,2,1
25,14,14,2,1,2,1
25,15,8,2,1,3,1
25,16,7,2,1,1,1
25,17,3,2,1,3,1
25,18,14,2,1,2,1
25,19,1,2,1,4,0
25,20,11,2,0,5,0
25,21,7,2,1,1,1
25,22,6,2,1,3,0
25,23,12,2,0,1,1
25,24,10,2,1,4,1
25,25,13,2,0,1,0
25,26,9,2,1,2,1
25,27,2,2,1,1,1
25,28,15,2,0,4,1
25,29,11,2,0,4,0
25,30,6,2,1,3,0
25,31,15,2,0,1,0
25,32,11,2,0,2,0
25,33,10,2,0,3,0
25,34,3,2,1,3,1
25,35,13,2,0,3,1
25,36,2,2,1,1,1
25,37,13,2,1,3,1
25,38,12,2,1,1,1
25,39,9,2,1,2,1
25,40,6,2,1,1,0
25,41,1,2,1,3,0
25,42,4,2,1,2,1
25,43,15,2,0,4,1
25,44,5,2,1,4,1
25,45,7,2,1,1,1
26,1,1,1,1,2,0
26,2,10,1,1,1,0
26,3,6,1,1,4,0
26,4,4,1,0,1,1
26,5,7,1,0,5,1
26,6,8,1,0,2,1
26,7,7,1,0,5,1
26,8,14,1,0,2,0
26,9,6,1,0,2,0
26,10,15,1,1,4,1
26,11,13,1,0,1,0
26,12,11,1,0,1,0
26,13,13,1,1,2,1
26,14,1,1,1,4,0
26,15,12,1,0,5,1
26,16,14,1,1,1,1
26,17,11,1,0,4,0
26,18,8,1,0,2,1
26,19,9,1,0,1,1
26,20,10,1,0,4,1
26,21,3,1,0,2,1
26,22,9,1,0,1,1
26,23,2,1,0,5,1
26,24,12,1,1,4,0
26,25,2,1,0,5,1
26,26,9,1,0,1,1
26,27,4,1,0,1,1
26,28,3,1,1,2,1
26,29,2,1,1,5,1
26,30,10,1,1,4,1
26,31,7,1,1,5,1
26,32,12,1,1,5,1
26,33,1,1,1,2,0
26,34,15,1,0,4,1
26,35,11,1,0,3,0
26,36,5,1,0,4,1
26,37,3,1,1,2,1
26,38,14,1,1,1,1
26,39,8,1,1,2,1
26,40,15,1,0,1,0
26,41,4,1,0,1,1
26,42,5,1,0,4,1
26,43,6,1,0,4,0
26,44,13,1,0,2,1
26,45,5,1,1,4,1
26,1,4,2,1,1,1
26,2,12,2,1,5,1
26,3,2,2,0,5,1
26,4,3,2,1,2,1
26,5,9,2,0,1,1
26,6,6,2,0,1,0
26,7,5,2,1,4,1
26,8,7,2,0,5,1
26,9,6,2,0,2,0
26,10,9,2,1,1,1
26,11,4,2,0,1,1
26,12,10,2,0,1,0
26,13,8,2,0,2,1
26,14,15,2,1,4,1
26,15,9,2,0,1,1
26,16,10,2,0,4,1
26,17,5,2,1,4,1
26,18,13,2,1,1,0
26,19,7,2,1,5,1
26,20,1,2,1,2,0
26,21,12,2,1,3,0
26,22,11,2,1,1,0
26,23,8,2,1,2,1
26,24,10,2,1,4,1
26,25,14,2,1,1,1
26,26,5,2,1,4,1
26,27,15,2,1,4,1
26,28,6,2,1,3,0
26,29,7,2,1,5,1
26,30,2,2,0,5,1
26,31,11,2,0,4,0
26,32,12,2,1,5,1
26,33,4,2,0,1,1
26,34,2,2,0,5,1
26,35,13,2,1,2,1
26,36,15,2,1,5,0
26,37,8,2,1,2,1
26,38,1,2,1,2,0
26,39,14,2,1,1,1
26,40,3,2,1,2,1
26,41,1,2,1,2,0
26,42,11,2,1,1,0
26,43,13,2,1,2,1
26,44,3,2,1,2,1
26,45,14,2,1,3,0
27,1,13,1,0,1,1
27,2,2,1,0,3,1
27,3,10,1,0,2,1
27,4,7,1,0,3,1
27,5,8,1,1,1,1
27,6,9,1,0,4,1
27,7,12,1,0,3,1
27,8,15,1,0,2,1
27,9,3,1,0,1,1
27,10,7,1,0,3,1
27,11,11,1,0,4,0
27,12,4,1,0,4,1
27,13,9,1,1,4,1
27,14,5,1,0,2,1
27,15,3,1,0,1,1
27,16,13,1,0,1,1
27,17,4,1,0,4,1
27,18,9,1,1,4,1
27,19,1,1,0,5,0
27,20,11,1,0,3,0
27,21,8,1,0,1,1
27,22,6,1,0,3,0
27,23,2,1,1,3,1
27,24,4,1,1,4,1
27,25,8,1,1,1,1
27,26,14,1,0,4,1
27,27,5,1,1,2,1
27,28,10,1,0,1,0
27,29,5,1,1,2,1
27,30,14,1,0,4,1
27,31,6,1,0,2,0
27,32,15,1,0,2,1
27,33,11,1,1,3,0
27,34,7,1,0,3,1
27,35,13,1,0,4,0
27,36,14,1,1,2,0
27,37,12,1,0,1,0
27,38,1,1,0,1,0
27,39,2,1,0,3,1
27,40,15,1,1,5,0
27,41,6,1,1,1,0
27,42,10,1,1,2,1
27,43,3,1,0,1,1
27,44,1,1,0,1,0
27,45,12,1,1,3,1
27,1,7,2,0,3,1
27,2,8,2,1,1,1
27,3,5,2,1,2,1
27,4,12,2,1,3,1
27,5,4,2,0,4,1
27,6,8,2,1,1,1
27,7,7,2,1,3,1
27,8,5,2,1,2,1
27,9,14,2,0,4,1
27,10,9,2,1,4,1
27,11,2,2,0,3,1
27,12,11,2,0,4,0
27,13,3,2,0,1,1
27,14,7,2,1,3,1
27,15,15,2,0,2,1
27,16,11,2,1,4,0
27,17,10,2,0,3,0
27,18,2,2,1,3,1
27,19,9,2,0,4,1
27,20,13,2,1,3,0
27,21,12,2,1,5,0
27,22,1,2,0,3,0
27,23,5,2,1,2,1
27,24,10,2,0,2,1
27,25,3,2,1,1,1
27,26,8,2,1,1,1
27,27,6,2,1,1,0
27,28,1,2,0,4,0
27,29,10,2,1,2,1
27,30,13,2,1,1,1
27,31,3,2,1,1,1
27,32,14,2,1,3,0
27,33,15,2,0,2,1
27,34,4,2,1,4,1
27,35,1,2,1,2,0
27,36,14,2,0,4,1
27,37,11,2,1,2,0
27,38,2,2,1,3,1
27,39,12,2,0,3,1
27,40,6,2,0,5,0
27,41,4,2,0,4,1
27,42,13,2,1,1,1
27,43,9,2,0,4,1
27,44,15,2,1,3,0
27,45,6,2,0,4,0
27,1,14,3,0,1,0
27,2,15,3,1,3,0
27,3,2,3,0,3,1
27,4,14,3,1,4,1
27,5,2,3,1,3,1
27,6,13,3,1,1,1
27,7,11,3,0,5,0
27,8,5,3,1,2,1
27,9,8,3,1,1,1
27,10,14,3,1,4,1
27,11,3,3,1,1,1
27,12,9,3,1,4,1
27,13,3,3,1,1,1
27,14,4,3,1,4,1
27,15,10,3,1,5,0
27,16,9,3,1,4,1
27,17,3,3,1,1,1
27,18,9,3,1,4,1
27,19,12,3,0,3,1
27,20,7,3,1,3,1
27,21,12,3,1,3,1
27,22,1,3,0,4,0
27,23,15,3,1,2,1
27,24,7,3,1,3,1
27,25,11,3,0,4,0
27,26,2,3,0,3,1
27,27,1,3,0,1,0
27,28,10,3,1,2,1
27,29,13,3,0,4,0
27,30,12,3,0,5,0
27,31,13,3,1,1,1
27,32,8,3,1,1,1
27,33,4,3,1,4,1
27,34,1,3,0,3,0
27,35,5,3,1,2,1
27,36,7,3,1,3,1
27,37,6,3,0,4,0
27,38,10,3,1,2,1
27,39,5,3,1,2,1
27,40,6,3,1,1,0
27,41,4,3,1,4,1
27,42,6,3,1,4,0
27,43,11,3,0,2,0
27,44,15,3,1,2,1
27,45,8,3,1,1,1
28,1,12,1,0,4,1
28,2,13,1,0,4,0
28,3,1,1,1,5,0
28,4,15,1,0,2,1
28,5,5,1,1,2,1
28,6,14,1,0,1,1
28,7,4,1,0,1,1
28,8,2,1,1,4,1
28,9,3,1,0,5,1
28,10,11,1,0,2,0
28,11,12,1,1,3,0
28,12,4,1,1,1,1
28,13,11,1,0,5,0
28,14,5,1,0,2,1
28,15,2,1,0,4,1
28,16,7,1,0,4,1
28,17,1,1,0,2,0
28,18,8,1,0,5,1
28,19,4,1,1,1,1
28,20,8,1,1,5,1
28,21,3,1,0,5,1
28,22,8,1,1,5,1
28,23,9,1,0,1,1
28,24,13,1,0,5,1
28,25,14,1,1,1,1
28,26,7,1,0,4,1
28,27,12,1,0,4,1
28,28,1,1,1,4,0
28,29,13,1,1,5,1
28,30,6,1,0,5,0
28,31,3,1,1,5,1
28,32,15,1,0,2,1
28,33,10,1,0,2,1
28,34,6,1,0,1,0
28,35,11,1,1,3,0
28,36,2,1,0,4,1
28,37,9,1,0,1,1
28,38,10,1,1,4,0
28,39,14,1,1,5,0
28,40,15,1,0,4,0
28,41,10,1,1,2,1
28,42,7,1,0,4,1
28,43,9,1,1,1,1
28,44,5,1,1,2,1
28,45,6,1,1,5,0
28,1,14,2,1,4,0
28,2,10,2,1,2,1
28,3,5,2,1,2,1
28,4,11,2,0,5,0
28,5,4,2,1,1,1
28,6,6,2,1,5,0
28,7,12,2,1,3,0
28,8,8,2,1,5,1
28,9,3,2,1,5,1
28,10,12,2,0,4,1
28,11,6,2,0,1,0
28,12,9,2,1,1,1
28,13,8,2,1,5,1
28,14,9,2,1,1,1
28,15,3,2,1,5,1
28,16,2,2,0,4,1
28,17,10,2,0,2,1
28,18,13,2,1,1,0
28,19,5,2,0,2,1
28,20,14,2,1,1,1
28,21,5,2,1,2,1
28,22,15,2,0,5,0
28,23,6,2,1,1,0
28,24,1,2,0,4,0
28,25,11,2,0,5,0
28,26,13,2,1,5,1
28,27,2,2,1,4,1
28,28,7,2,0,4,1
28,29,12,2,0,4,1
28,30,10,2,0,3,0
28,31,1,2,1,4,0
28,32,4,2,1,1,1
28,33,7,2,1,4,1
28,34,14,2,1,1,1
28,35,15,2,1,2,1
28,36,9,2,1,1,1
28,37,13,2,1,5,1
28,38,1,2,0,2,0
28,39,3,2,1,5,1
28,40,11,2,0,3,0
28,41,7,2,1,4,1
28,42,15,2,1,2,1
28,43,2,2,1,4,1
28,44,8,2,1,5,1
28,45,4,2,1,1,1
29,1,1,1,0,4,0
29,2,10,1,1,2,0
29,3,13,1,0,2,1
29,4,2,1,0,4,1
29,5,8,1,0,2,1
29,6,9,1,1,1,1
29,7,2,1,1,4,1
29,8,11,1,1,3,0
29,9,7,1,0,4,1
29,10,12,1,0,4,1
29,11,6,1,0,4,0
29,12,10,1,0,3,1
29,13,5,1,0,3,1
29,14,3,1,0,2,1
29,15,13,1,0,4,0
29,16,3,1,1,2,1
29,17,11,1,0,2,0
29,18,4,1,0,1,1
29,19,7,1,1,4,1
29,20,12,1,0,3,0
29,21,15,1,0,3,1
29,22,12,1,1,4,1
29,23,6,1,0,2,0
29,24,1,1,0,1,0
29,25,3,1,0,2,1
29,26,1,1,1,5,0
29,27,4,1,0,1,1
29,28,9,1,1,1,1
29,29,14,1,0,1,1
29,30,8,1,0,2,1
29,31,6,1,0,3,0
29,32,14,1,0,5,0
29,33,5,1,0,3,1
29,34,4,1,1,1,1
29,35,9,1,0,1,1
29,36,10,1,0,3,1
29,37,15,1,1,5,0
29,38,13,1,0,2,1
29,39,5,1,1,3,1
29,40,2,1,0,4,1
29,41,11,1,0,1,0
29,42,15,1,0,3,1
29,43,8,1,0,2,1
29,44,14,1,1,1,1
29,45,7,1,1,4,1
29,1,6,2,1,5,0
29,2,2,2,1,4,1
29,3,15,2,1,3,1
29,4,9,2,0,1,1
29,5,10,2,1,3,1
29,6,1,2,0,1,0
29,7,5,2,1,3,1
29,8,3,2,0,2,1
29,9,11,2,0,4,0
29,10,4,2,1,1,1
29,11,11,2,1,3,0
29,12,6,2,0,4,0
29,13,1,2,1,5,0
29,14,11,2,1,4,0
29,15,13,2,1,2,1
29,16,4,2,1,1,1
29,17,2,2,0,4,1
29,18,15,2,0,4,0
29,19,8,2,1,2,1
29,20,5,2,1,3,1
29,21,14,2,0,1,1
29,22,12,2,1,2,0
29,23,14,2,1,2,0
29,24,7,2,0,4,1
29,25,10,2,0,5,0
29,26,12,2,1,4,1
29,27,10,2,1,3,1
29,28,7,2,1,4,1
29,29,12,2,1,4,1
29,30,15,2,1,3,1
29,31,1,2,0,2,0
29,32,5,2,1,3,1
29,33,6,2,0,3,0
29,34,7,2,1,4,1
29,35,3,2,1,2,1
29,36,13,2,1,3,0
29,37,3,2,1,2,1
29,38,8,2,1,2,1
29,39,13,2,1,2,1
29,40,9,2,0,1,1
29,41,2,2,1,4,1
29,42,4,2,1,1,1
29,43,9,2,1,1,1
29,44,8,2,1,2,1
29,45,14,2,1,1,1
30,1,2,1,1,1,1
30,2,8,1,0,2,1
30,3,11,1,0,2,0
30,4,13,1,1,2,1
30,5,12,1,0,1,1
30,6,9,1,1,5,1
30,7,4,1,0,5,1
30,8,15,1,0,3,1
30,9,5,1,0,3,1
30,10,7,1,0,1,1
30,11,12,1,0,5,0
30,12,1,1,1,5,0
30,13,15,1,0,4,0
30,14,10,1,0,3,1
30,15,8,1,1,2,1
30,16,14,1,0,2,0
30,17,13,1,0,4,0
30,18,11,1,1,5,0
30,19,4,1,1,5,1
30,20,2,1,1,1,1
30,21,11,1,1,4,0
30,22,8,1,0,2,1
30,23,5,1,0,3,1
30,24,9,1,1,5,1
30,25,2,1,1,1,1
30,26,13,1,0,2,1
30,27,7,1,1,1,1
30,28,3,1,0,2,1
30,29,14,1,1,5,1
30,30,6,1,0,3,0
30,31,4,1,0,5,1
30,32,15,1,0,3,1
30,33,6,1,0,5,0
30,34,1,1,0,1,0
30,35,14,1,1,5,1
30,36,1,1,0,5,0
30,37,10,1,0,2,0
30,38,12,1,0,1,1
30,39,7,1,1,1,1
30,40,5,1,0,3,1
30,41,3,1,0,2,1
30,42,9,1,0,5,1
30,43,3,1,0,2,1
30,44,6,1,0,3,0
30,45,10,1,0,3,1
30,1,6,2,0,2,0
30,2,4,2,0,5,1
30,3,3,2,1,2,1
30,4,1,2,0,4,0
30,5,7,2,0,1,1
30,6,15,2,0,3,1
30,7,2,2,0,1,1
30,8,12,2,0,1,1
30,9,1,2,0,3,0
30,10,5,2,0,3,1
30,11,12,2,1,1,1
30,12,11,2,0,3,0
30,13,10,2,0,3,1
30,14,3,2,1,2,1
30,15,8,2,0,2,1
30,16,12,2,0,4,0
30,17,7,2,1,1,1
30,18,1,2,1,3,0
30,19,8,2,0,2,1
30,20,7,2,0,1,1
30,21,2,2,0,1,1
30,22,11,2,0,2,0
30,23,13,2,0,2,1
30,24,5,2,0,3,1
30,25,4,2,0,5,1
30,26,14,2,1,5,1
30,27,13,2,0,5,0
30,28,15,2,0,3,1
30,29,5,2,0,3,1
30,30,6,2,1,4,0
30,31,4,2,1,5,1
30,32,14,2,1,5,1
30,33,10,2,1,3,1
30,34,2,2,1,1,1
30,35,9,2,0,5,1
30,36,15,2,1,4,0
30,37,11,2,0,4,0
30,38,3,2,1,2,1
30,39,10,2,1,4,0
30,40,9,2,0,5,1
30,41,8,2,0,2,1
30,42,13,2,0,2,1
30,43,6,2,0,3,0
30,44,9,2,0,5,1
30,45,14,2,0,4,0
30,1,10,3,0,3,1
30,2,7,3,1,1,1
30,3,15,3,0,3,1
30,4,9,3,0,5,1
30,5,15,3,1,4,0
30,6,13,3,0,2,1
30,7,4,3,0,5,1
30,8,2,3,0,1,1
30,9,6,3,0,4,0
30,10,5,3,0,3,1
30,11,13,3,1,4,0
30,12,11,3,0,1,0
30,13,12,3,0,1,1
30,14,3,3,1,2,1
30,15,8,3,0,2,1
30,16,5,3,0,3,1
30,17,6,3,0,2,0
30,18,10,3,0,5,0
30,19,12,3,0,1,1
30,20,13,3,0,2,1
30,21,5,3,0,3,1
30,22,14,3,1,5,1
30,23,7,3,0,1,1
30,24,3,3,1,2,1
30,25,11,3,0,2,0
30,26,1,3,1,3,0
30,27,10,3,0,3,1
30,28,15,3,0,3,1
30,29,11,3,1,5,0
30,30,2,3,1,1,1
30,31,3,3,1,2,1
30,32,14,3,0,1,0
30,33,8,3,0,2,1
30,34,12,3,0,5,0
30,35,1,3,0,1,0
30,36,2,3,1,1,1
30,37,1,3,1,1,0
30,38,7,3,1,1,1
30,39,9,3,0,5,1
30,40,14,3,1,5,1
30,41,4,3,0,5,1
30,42,8,3,0,2,1
30,43,9,3,0,5,1
30,44,4,3,1,5,1
30,45,6,3,1,2,0
30,1,4,4,1,5,1
30,2,7,4,0,1,1
30,3,10,4,0,3,1
30,4,4,4,1,5,1
30,5,9,4,1,5,1
30,6,15,4,0,3,1
30,7,7,4,1,1,1
30,8,9,4,0,5,1
30,9,8,4,1,2,1
30,10,15,4,1,4,0
30,11,6,4,1,4,0
30,12,4,4,0,5,1
30,13,3,4,1,2,1
30,14,10,4,1,3,1
30,15,14,4,0,3,0
30,16,11,4,1,4,0
30,17,15,4,0,3,1
30,18,5,4,0,3,1
30,19,3,4,1,2,1
30,20,1,4,0,2,0
30,21,2,4,1,1,1
30,22,1,4,0,5,0
30,23,11,4,0,1,0
30,24,9,4,1,5,1
30,25,2,4,1,1,1
30,26,12,4,0,1,1
30,27,8,4,0,2,1
30,28,12,4,0,3,0
30,29,13,4,0,1,0
30,30,7,4,0,1,1
30,31,12,4,1,1,1
30,32,5,4,0,3,1
30,33,14,4,1,5,1
30,34,1,4,0,4,0
30,35,11,4,0,5,0
30,36,10,4,0,1,0
30,37,6,4,0,3,0
30,38,13,4,0,2,1
30,39,5,4,0,3,1
30,40,13,4,0,2,1
30,41,3,4,1,2,1
30,42,6,4,0,5,0
30,43,2,4,1,1,1
30,44,8,4,0,2,1
30,45,14,4,1,5,1
30,1,3,5,1,2,1
30,2,5,5,1,3,1
30,3,12,5,0,4,0
30,4,8,5,1,2,1
30,5,6,5,0,4,0
30,6,9,5,1,5,1
30,7,14,5,1,5,1
30,8,1,5,0,3,0
30,9,10,5,0,5,0
30,10,4,5,1,5,1
30,11,13,5,1,1,0
30,12,15,5,0,2,0
30,13,9,5,1,5,1
30,14,3,5,1,2,1
30,15,13,5,0,2,1
30,16,11,5,1,2,0
30,17,15,5,0,3,1
30,18,7,5,0,1,1
30,19,2,5,1,1,1
30,20,11,5,0,1,0
30,21,10,5,0,3,1
30,22,5,5,0,3,1
30,23,8,5,0,2,1
30,24,7,5,0,1,1
30,25,2,5,1,1,1
30,26,7,5,0,1,1
30,27,12,5,0,1,1
30,28,13,5,0,2,1
30,29,1,5,1,4,0
30,30,5,5,0,3,1
30,31,6,5,0,3,0
30,32,3,5,1,2,1
30,33,10,5,1,3,1
30,34,4,5,1,5,1
30,35,11,5,1,4,0
30,36,15,5,1,3,1
30,37,14,5,1,1,0
30,38,9,5,1,5,1
30,39,4,5,1,5,1
30,40,8,5,0,2,1
30,41,2,5,1,1,1
30,42,1,5,1,2,0
30,43,6,5,1,2,0
30,44,14,5,1,5,1
30,45,12,5,0,1,1
30,1,6,6,0,1,0
30,2,3,6,1,2,1
30,3,5,6,0,3,1
30,4,10,6,0,5,0
30,5,2,6,1,1,1
30,6,11,6,0,2,0
30,7,1,6,0,5,0
30,8,7,6,1,1,1
30,9,15,6,0,2,0
30,10,14,6,1,5,1
30,11,4,6,1,5,1
30,12,9,6,1,5,1
30,13,2,6,1,1,1
30,14,12,6,1,1,1
30,15,8,6,0,2,1
30,16,6,6,0,5,0
30,17,1,6,0,2,0
30,18,11,6,0,1,0
30,19,13,6,0,2,1
30,20,8,6,1,2,1
30,21,9,6,1,5,1
30,22,13,6,0,5,0
30,23,6,6,0,1,0
30,24,8,6,1,2,1
30,25,5,6,1,3,1
30,26,15,6,0,3,1
30,27,1,6,1,1,0
30,28,7,6,1,1,1
30,29,4,6,1,5,1
30,30,7,6,1,1,1
30,31,12,6,0,3,0
30,32,2,6,1,1,1
30,33,14,6,1,5,1
30,34,4,6,1,5,1
30,35,9,6,1,5,1
30,36,13,6,0,2,1
30,37,3,6,1,2,1
30,38,10,6,0,3,1
30,39,14,6,1,1,0
30,40,11,6,1,4,0
30,41,5,6,0,3,1
30,42,3,6,1,2,1
30,43,15,6,1,3,1
30,44,12,6,0,1,1
30,45,10,6,0,3,1
31,1,10,1,0,5,0
31,2,7,1,0,4,1
31,3,15,1,0,2,1
31,4,10,1,0,2,1
31,5,2,1,0,4,1
31,6,11,1,0,3,0
31,7,4,1,0,5,1
31,8,8,1,0,3,1
31,9,11,1,1,5,0
31,10,3,1,1,3,1
31,11,10,1,1,2,1
31,12,8,1,1,3,1
31,13,5,1,1,2,1
31,14,2,1,0,4,1
31,15,13,1,0,5,0
31,16,14,1,0,5,1
31,17,6,1,0,3,0
31,18,2,1,1,4,1
31,19,6,1,1,5,0
31,20,4,1,1,5,1
31,21,9,1,0,5,1
31,22,11,1,0,3,0
31,23,13,1,1,3,1
31,24,3,1,0,3,1
31,25,12,1,1,1,0
31,26,3,1,1,3,1
31,27,7,1,0,4,1
31,28,15,1,1,1,0
31,29,12,1,1,4,1
31,30,1,1,0,3,0
31,31,7,1,0,4,1
31,32,8,1,1,3,1
31,33,13,1,0,3,1
31,34,5,1,1,2,1
31,35,1,1,0,4,0
31,36,14,1,0,3,0
31,37,1,1,0,3,0
31,38,9,1,0,5,1
31,39,15,1,0,2,1
31,40,9,1,1,5,1
31,41,4,1,0,5,1
31,42,12,1,1,4,1
31,43,14,1,0,5,1
31,44,5,1,1,2,1
31,45,6,1,1,5,0
31,1,2,2,0,4,1
31,2,1,2,1,3,0
31,3,4,2,1,5,1
31,4,7,2,0,4,1
31,5,10,2,0,5,0
31,6,7,2,1,4,1
31,7,4,2,1,5,1
31,8,13,2,0,3,1
31,9,3,2,0,3,1
31,10,13,2,1,1,0
31,11,9,2,0,5,1
31,12,7,2,1,4,1
31,13,2,2,0,4,1
31,14,5,2,1,2,1
31,15,10,2,0,2,1
31,16,8,2,1,3,1
31,17,9,2,1,5,1
31,18,3,2,1,3,1
31,19,5,2,1,2,1
31,20,15,2,0,2,1
31,21,6,2,0,2,0
31,22,1,2,1,3,0
31,23,15,2,1,2,1
31,24,14,2,0,5,1
31,25,1,2,0,1,0
31,26,5,2,1,2,1
31,27,11,2,0,2,0
31,28,12,2,1,1,0
31,29,4,2,1,5,1
31,30,3,2,1,3,1
31,31,15,2,1,3,0
31,32,12,2,1,4,1
31,33,13,2,1,3,1
31,34,2,2,1,4,1
31,35,12,2,1,4,1
31,36,6,2,1,5,0
31,37,14,2,1,1,0
31,38,6,2,1,4,0
31,39,11,2,0,4,0
31,40,10,2,1,2,1
31,41,8,2,1,3,1
31,42,14,2,1,5,1
31,43,11,2,1,1,0
31,44,9,2,1,5,1
31,45,8,2,1,3,1
32,1,10,1,1,3,1
32,2,7,1,1,1,1
32,3,10,1,1,3,1
32,4,6,1,1,1,0
32,5,1,1,0,5,0
32,6,9,1,0,4,1
32,7,14,1,1,4,1
32,8,12,1,0,3,0
32,9,13,1,1,2,1
32,10,3,1,0,2,1
32,11,2,1,1,1,1
32,12,8,1,1,2,1
32,13,5,1,0,3,1
32,14,4,1,0,4,1
32,15,5,1,1,3,1
32,16,10,1,1,4,0
32,17,2,1,1,1,1
32,18,6,1,0,4,0
32,19,13,1,1,2,1
32,20,8,1,1,2,1
32,21,4,1,1,4,1
32,22,1,1,0,4,0
32,23,8,1,1,2,1
32,24,15,1,1,5,0
32,25,14,1,0,2,0
32,26,3,1,1,2,1
32,27,15,1,0,3,1
32,28,13,1,0,4,0
32,29,12,1,1,1,1
32,30,7,1,0,1,1
32,31,5,1,1,3,1
32,32,7,1,1,1,1
32,33,15,1,1,3,1
32,34,9,1,1,4,1
32,35,2,1,1,1,1
32,36,1,1,0,3,0
32,37,6,1,0,2,0
32,38,12,1,1,1,1
32,39,3,1,1,2,1
32,40,4,1,1,4,1
32,41,11,1,0,2,0
32,42,14,1,0,4,1
32,43,11,1,1,1,0
32,44,9,1,1,4,1
32,45,11,1,1,4,0
32,1,1,2,0,4,0
32,2,5,2,1,3,1
32,3,10,2,1,3,1
32,4,9,2,1,4,1
32,5,13,2,1,1,0
32,6,12,2,1,3,0
32,7,15,2,0,4,0
32,8,13,2,1,2,1
32,9,7,2,0,1,1
32,10,11,2,1,5,0
32,11,6,2,1,3,0
32,12,4,2,1,4,1
32,13,10,2,1,3,1
32,14,9,2,1,4,1
32,15,3,2,1,2,1
32,16,8,2,1,2,1
32,17,11,2,1,3,0
32,18,6,2,1,1,0
32,19,2,2,1,1,1
32,20,3,2,1,2,1
32,21,8,2,1,2,1
32,22,14,2,0,4,1
32,23,3,2,1,2,1
32,24,1,2,1,5,0
32,25,4,2,1,4,1
32,26,14,2,1,1,0
32,27,5,2,1,3,1
32,28,15,2,1,3,1
32,29,10,2,0,2,0
32,30,11,2,1,5,0
32,31,12,2,1,1,1
32,32,9,2,1,4,1
32,33,5,2,1,3,1
32,34,13,2,1,2,1
32,35,6,2,1,1,0
32,36,8,2,1,2,1
32,37,7,2,1,1,1
32,38,4,2,1,4,1
32,39,1,2,1,1,0
32,40,2,2,1,1,1
32,41,7,2,1,1,1
32,42,12,2,1,1,1
32,43,2,2,1,1,1
32,44,14,2,1,4,1
32,45,15,2,1,3,1
33,1,5,1,0,2,1
33,2,2,1,1,5,1
33,3,13,1,0,3,1
33,4,1,1,0,2,0
33,5,14,1,0,4,1
33,6,7,1,0,5,1
33,7,3,1,1,3,1
33,8,10,1,0,1,0
33,9,5,1,0,2,1
33,10,8,1,1,3,1
33,11,3,1,1,3,1
33,12,4,1,0,4,1
33,13,8,1,0,3,1
33,14,11,1,0,4,0
33,15,7,1,1,5,1
33,16,12,1,1,1,0
33,17,15,1,0,5,0
33,18,8,1,1,3,1
33,19,5,1,1,2,1
33,20,1,1,0,5,0
33,21,13,1,0,3,1
33,22,11,1,0,4,0
33,23,9,1,0,4,1
33,24,7,1,0,5,1
33,25,6,1,1,1,0
33,26,12,1,0,5,1
33,27,9,1,1,4,1
33,28,15,1,0,2,1
33,29,4,1,0,4,1
33,30,14,1,0,4,1
33,31,10,1,1,2,1
33,32,6,1,1,2,0
33,33,15,1,0,2,1
33,34,10,1,0,2,1
33,35,1,1,0,3,0
33,36,3,1,1,3,1
33,37,6,1,0,4,0
33,38,14,1,0,2,0
33,39,4,1,0,4,1
33,40,2,1,0,5,1
33,41,12,1,0,5,1
33,42,13,1,1,1,0
33,43,9,1,0,4,1
33,44,2,1,1,5,1
33,45,11,1,0,5,0
33,1,9,2,0,4,1
33,2,1,2,0,2,0
33,3,8,2,0,3,1
33,4,6,2,0,1,0
33,5,8,2,1,3,1
33,6,4,2,1,4,1
33,7,13,2,0,3,1
33,8,5,2,1,2,1
33,9,1,2,0,3,0
33,10,2,2,1,5,1
33,11,11,2,0,5,0
33,12,14,2,1,1,0
33,13,11,2,0,5,0
33,14,15,2,1,4,0
33,15,2,2,1,5,1
33,16,3,2,0,3,1
33,17,10,2,1,1,0
33,18,14,2,0,4,1
33,19,3,2,1,3,1
33,20,6,2,0,5,0
33,21,14,2,0,4,1
33,22,4,2,1,4,1
33,23,15,2,1,2,1
33,24,1,2,0,3,0
33,25,9,2,1,4,1
33,26,2,2,1,5,1
33,27,7,2,1,5,1
33,28,9,2,1,4,1
33,29,12,2,1,3,0
33,30,10,2,1,2,1
33,31,13,2,0,3,1
33,32,7,2,1,5,1
33,33,11,2,1,3,0
33,34,15,2,1,2,1
33,35,12,2,0,5,1
33,36,8,2,1,3,1
33,37,5,2,0,2,1
33,38,13,2,1,4,0
33,39,10,2,0,2,1
33,40,6,2,1,1,0
33,41,4,2,1,4,1
33,42,12,2,0,5,1
33,43,3,2,1,3,1
33,44,7,2,1,5,1
33,45,5,2,0,2,1
33,1,4,3,1,4,1
33,2,10,3,1,1,0
33,3,15,3,1,1,0
33,4,1,3,0,4,0
33,5,8,3,1,3,1
33,6,4,3,1,4,1
33,7,3,3,1,3,1
33,8,14,3,0,4,1
33,9,6,3,0,5,0
33,10,5,3,1,2,1
33,11,12,3,1,5,1
33,12,7,3,1,5,1
33,13,13,3,0,3,1
33,14,1,3,0,2,0
33,15,15,3,0,2,1
33,16,2,3,1,5,1
33,17,5,3,1,2,1
33,18,3,3,1,3,1
33,19,14,3,0,2,0
33,20,2,3,1,5,1
33,21,10,3,1,2,1
33,22,3,3,1,3,1
33,23,6,3,1,2,0
33,24,11,3,1,1,0
33,25,7,3,1,5,1
33,26,8,3,1,3,1
33,27,12,3,0,5,1
33,28,9,3,1,4,1
33,29,2,3,1,5,1
33,30,1,3,1,3,0
33,31,13,3,0,4,0
33,32,11,3,0,2,0
33,33,10,3,1,2,1
33,34,8,3,1,3,1
33,35,14,3,1,4,1
33,36,15,3,0,2,1
33,37,4,3,1,4,1
33,38,6,3,0,2,0
33,39,9,3,1,4,1
33,40,7,3,0,5,1
33,41,9,3,1,4,1
33,42,11,3,1,2,0
33,43,13,3,0,3,1
33,44,12,3,0,2,0
33,45,5,3,1,2,1
34,1,7,1,0,5,1
34,2,11,1,0,5,0
34,3,10,1,0,2,1
34,4,13,1,0,3,1
34,5,3,1,0,3,1
34,6,1,1,0,2,0
34,7,8,1,0,3,1
34,8,3,1,1,3,1
34,9,6,1,0,3,0
34,10,1,1,0,5,0
34,11,4,1,0,1,1
34,12,8,1,1,3,1
34,13,10,1,0,2,1
34,14,11,1,0,3,0
34,15,2,1,0,5,1
34,16,15,1,0,5,0
34,17,14,1,0,1,1
34,18,5,1,1,2,1
34,19,7,1,0,5,1
34,20,9,1,0,1,1
34,21,12,1,0,5,1
34,22,5,1,1,2,1
34,23,12,1,0,2,0
34,24,5,1,1,2,1
34,25,2,1,0,5,1
34,26,4,1,0,1,1
34,27,9,1,0,1,1
34,28,1,1,0,2,0
34,29,14,1,1,1,1
34,30,15,1,0,2,1
34,31,7,1,1,5,1
34,32,9,1,1,1,1
34,33,4,1,0,1,1
34,34,13,1,1,2,0
34,35,6,1,0,5,0
34,36,8,1,0,3,1
34,37,6,1,1,4,0
34,38,2,1,1,5,1
34,39,12,1,0,5,1
34,40,14,1,0,4,0
34,41,10,1,0,5,0
34,42,11,1,1,3,0
34,43,13,1,0,3,1
34,44,3,1,1,3,1
34,45,15,1,0,2,1
34,1,8,2,1,3,1
34,2,1,2,0,1,0
34,3,2,2,1,5,1
34,4,4,2,1,1,1
34,5,13,2,0,3,1
34,6,10,2,1,2,1
34,7,7,2,1,5,1
34,8,15,2,1,2,1
34,9,3,2,1,3,1
34,10,1,2,0,4,0
34,11,2,2,1,5,1
34,12,1,2,1,1,0
34,13,6,2,1,3,0
34,14,9,2,0,1,1
34,15,2,2,1,5,1
34,16,13,2,1,3,1
34,17,9,2,1,1,1
34,18,5,2,0,2,1
34,19,7,2,1,5,1
34,20,15,2,0,1,0
34,21,14,2,0,1,1
34,22,6,2,0,2,0
34,23,14,2,1,1,1
34,24,12,2,0,5,1
34,25,8,2,0,3,1
34,26,12,2,0,1,0
34,27,15,2,1,2,1
34,28,13,2,0,5,0
34,29,10,2,1,1,0
34,30,9,2,1,1,1
34,31,12,2,1,5,1
34,32,4,2,1,1,1
34,33,6,2,0,3,0
34,34,11,2,0,2,0
34,35,10,2,1,2,1
34,36,5,2,1,2,1
34,37,11,2,0,5,0
34,38,8,2,0,3,1
34,39,3,2,0,3,1
34,40,14,2,1,4,0
34,41,3,2,1,3,1
34,42,7,2,1,5,1
34,43,4,2,1,1,1
34,44,5,2,1,2,1
34,45,11,2,1,5,0
34,1,1,3,0,5,0
34,2,11,3,1,1,0
34,3,2,3,1,5,1
34,4,12,3,1,2,0
34,5,4,3,1,1,1
34,6,11,3,0,3,0
34,7,5,3,1,2,1
34,8,7,3,1,5,1
34,9,10,3,1,2,1
34,10,8,3,1,3,1
34,11,6,3,0,2,0
34,12,15,3,1,2,1
34,13,5,3,1,2,1
34,14,4,3,1,1,1
34,15,10,3,1,5,0
34,16,3,3,1,3,1
34,17,8,3,1,3,1
34,18,3,3,1,3,1
34,19,11,3,1,2,0
34,20,12,3,1,5,1
34,21,9,3,1,1,1
34,22,12,3,1,5,1
34,23,1,3,1,1,0
34,24,9,3,1,1,1
34,25,7,3,1,5,1
34,26,14,3,1,1,1
34,27,5,3,1,2,1
34,28,6,3,1,3,0
34,29,7,3,1,5,1
34,30,4,3,1,1,1
34,31,2,3,1,5,1
34,32,13,3,1,3,1
34,33,3,3,1,3,1
34,34,10,3,1,2,1
34,35,2,3,1,5,1
34,36,1,3,1,1,0
34,37,8,3,1,3,1
34,38,14,3,0,5,0
34,39,6,3,1,2,0
34,40,15,3,1,2,1
34,41,14,3,1,1,1
34,42,9,3,1,1,1
34,43,13,3,0,5,0
34,44,15,3,1,1,0
34,45,13,3,0,3,1
